-2.499776E-05, 0.000000
-2.492926E-05, 0.000000
-2.486076E-05, 0.000000
-2.479226E-05, -0.006030
-2.472376E-05, -0.012060
-2.465526E-05, -0.006030
-2.458676E-05, -0.006030
-2.451826E-05, -0.006030
-2.444976E-05, -0.006030
-2.438126E-05, -0.006030
-2.431276E-05, -0.006030
-2.424426E-05, -0.018090
-2.417576E-05, -0.006030
-2.410726E-05, -0.012060
-2.403876E-05, -0.006030
-2.397026E-05, 0.000000
-2.390176E-05, -0.006030
-2.383326E-05, -0.006030
-2.376476E-05, -0.006030
-2.369626E-05, -0.006030
-2.362776E-05, -0.006030
-2.355926E-05, -0.006030
-2.349076E-05, -0.006030
-2.342226E-05, -0.006030
-2.335376E-05, 0.000000
-2.328526E-05, -0.006030
-2.321676E-05, -0.006030
-2.314826E-05, 0.000000
-2.307976E-05, 0.000000
-2.301126E-05, -0.006030
-2.294276E-05, -0.006030
-2.287426E-05, 0.000000
-2.280576E-05, -0.006030
-2.273726E-05, -0.006030
-2.266876E-05, -0.006030
-2.260026E-05, -0.006030
-2.253176E-05, -0.012060
-2.246326E-05, -0.012060
-2.239476E-05, -0.012060
-2.232626E-05, 0.000000
-2.225776E-05, -0.012060
-2.218926E-05, -0.006030
-2.212076E-05, -0.006030
-2.205226E-05, -0.006030
-2.198376E-05, -0.006030
-2.191526E-05, -0.006030
-2.184676E-05, -0.006030
-2.177826E-05, -0.006030
-2.170976E-05, -0.006030
-2.164126E-05, -0.006030
-2.157276E-05, -0.006030
-2.150426E-05, -0.006030
-2.143576E-05, -0.006030
-2.136726E-05, -0.006030
-2.129876E-05, -0.006030
-2.123026E-05, 0.000000
-2.116176E-05, 0.000000
-2.109326E-05, -0.006030
-2.102476E-05, -0.006030
-2.095626E-05, 0.000000
-2.088776E-05, -0.006030
-2.081926E-05, -0.006030
-2.075076E-05, -0.006030
-2.068226E-05, -0.012060
-2.061376E-05, -0.006030
-2.054526E-05, -0.006030
-2.047676E-05, -0.006030
-2.040826E-05, 0.000000
-2.033976E-05, 0.000000
-2.027126E-05, -0.006030
-2.020276E-05, -0.006030
-2.013426E-05, -0.006030
-2.006576E-05, -0.012060
-1.999726E-05, -0.006030
-1.992876E-05, -0.006030
-1.986026E-05, -0.006030
-1.979176E-05, -0.006030
-1.972326E-05, -0.006030
-1.965476E-05, -0.006030
-1.958626E-05, -0.006030
-1.951776E-05, -0.006030
-1.944926E-05, 0.000000
-1.938076E-05, -0.006030
-1.931226E-05, -0.006030
-1.924376E-05, -0.006030
-1.917526E-05, -0.006030
-1.910676E-05, -0.006030
-1.903826E-05, -0.006030
-1.896976E-05, 0.000000
-1.890126E-05, 0.000000
-1.883276E-05, -0.006030
-1.876426E-05, -0.006030
-1.869576E-05, -0.006030
-1.862726E-05, -0.012060
-1.855876E-05, -0.006030
-1.849026E-05, -0.006030
-1.842176E-05, -0.006030
-1.835326E-05, -0.006030
-1.828476E-05, -0.012060
-1.821626E-05, -0.012060
-1.814776E-05, -0.006030
-1.807926E-05, -0.006030
-1.801076E-05, -0.012060
-1.794226E-05, -0.006030
-1.787376E-05, -0.012060
-1.780526E-05, -0.012060
-1.773676E-05, -0.006030
-1.766826E-05, -0.012060
-1.759976E-05, -0.006030
-1.753126E-05, -0.006030
-1.746276E-05, -0.006030
-1.739426E-05, 0.000000
-1.732576E-05, -0.006030
-1.725726E-05, -0.006030
-1.718876E-05, -0.006030
-1.712026E-05, -0.006030
-1.705176E-05, -0.006030
-1.698326E-05, 0.000000
-1.691476E-05, -0.006030
-1.684626E-05, -0.006030
-1.677776E-05, -0.006030
-1.670926E-05, -0.012060
-1.664076E-05, -0.012060
-1.657226E-05, -0.012060
-1.650376E-05, -0.012060
-1.643526E-05, -0.006030
-1.636676E-05, -0.006030
-1.629826E-05, -0.006030
-1.622976E-05, -0.006030
-1.616126E-05, -0.006030
-1.609276E-05, -0.012060
-1.602426E-05, -0.006030
-1.595576E-05, -0.006030
-1.588726E-05, -0.006030
-1.581876E-05, -0.006030
-1.575026E-05, -0.006030
-1.568176E-05, -0.006030
-1.561326E-05, -0.006030
-1.554476E-05, -0.006030
-1.547626E-05, 0.000000
-1.540776E-05, -0.006030
-1.533926E-05, -0.012060
-1.527076E-05, -0.006030
-1.520226E-05, -0.006030
-1.513376E-05, -0.006030
-1.506526E-05, 0.000000
-1.499676E-05, 0.000000
-1.492826E-05, -0.006030
-1.485976E-05, -0.006030
-1.479126E-05, -0.012060
-1.472276E-05, -0.012060
-1.465426E-05, -0.018090
-1.458576E-05, -0.012060
-1.451726E-05, -0.006030
-1.444876E-05, -0.006030
-1.438026E-05, -0.006030
-1.431176E-05, -0.012060
-1.424326E-05, -0.012060
-1.417476E-05, -0.006030
-1.410626E-05, -0.012060
-1.403776E-05, -0.006030
-1.396926E-05, -0.006030
-1.390076E-05, -0.006030
-1.383226E-05, -0.006030
-1.376376E-05, -0.006030
-1.369526E-05, -0.012060
-1.362676E-05, -0.012060
-1.355826E-05, -0.012060
-1.348976E-05, -0.006030
-1.342126E-05, 0.000000
-1.335276E-05, 0.006030
-1.328426E-05, 0.000000
-1.321576E-05, -0.012060
-1.314726E-05, -0.006030
-1.307876E-05, 0.000000
-1.301026E-05, -0.006030
-1.294176E-05, 0.000000
-1.287326E-05, 0.000000
-1.280476E-05, -0.006030
-1.273626E-05, -0.012060
-1.266776E-05, -0.012060
-1.259926E-05, -0.012060
-1.253076E-05, -0.006030
-1.246226E-05, 0.000000
-1.239376E-05, -0.006030
-1.232526E-05, -0.012060
-1.225676E-05, -0.012060
-1.218826E-05, -0.012060
-1.211976E-05, -0.012060
-1.205126E-05, -0.006030
-1.198276E-05, -0.006030
-1.191426E-05, -0.006030
-1.184576E-05, -0.012060
-1.177726E-05, -0.012060
-1.170876E-05, -0.006030
-1.164026E-05, -0.006030
-1.157176E-05, -0.012060
-1.150326E-05, 0.000000
-1.143476E-05, -0.006030
-1.136626E-05, -0.006030
-1.129776E-05, -0.006030
-1.122926E-05, -0.006030
-1.116076E-05, -0.006030
-1.109226E-05, -0.006030
-1.102376E-05, -0.006030
-1.095526E-05, -0.006030
-1.088676E-05, -0.012060
-1.081826E-05, -0.012060
-1.074976E-05, -0.012060
-1.068126E-05, -0.012060
-1.061276E-05, -0.012060
-1.054426E-05, -0.006030
-1.047576E-05, -0.006030
-1.040726E-05, -0.006030
-1.033876E-05, -0.012060
-1.027026E-05, -0.012060
-1.020176E-05, -0.006030
-1.013326E-05, -0.012060
-1.006476E-05, -0.012060
-9.996262E-06, -0.012060
-9.927762E-06, -0.006030
-9.859262E-06, -0.012060
-9.790762E-06, -0.006030
-9.722262E-06, -0.006030
-9.653762E-06, -0.006030
-9.585262E-06, -0.006030
-9.516762E-06, -0.006030
-9.448262E-06, -0.006030
-9.379762E-06, 0.000000
-9.311262E-06, 0.000000
-9.242762E-06, -0.006030
-9.174262E-06, 0.000000
-9.105762E-06, -0.006030
-9.037262E-06, 0.000000
-8.968762E-06, -0.006030
-8.900262E-06, -0.006030
-8.831762E-06, -0.006030
-8.763262E-06, -0.006030
-8.694762E-06, -0.012060
-8.626262E-06, -0.006030
-8.557762E-06, -0.006030
-8.489262E-06, -0.006030
-8.420762E-06, -0.006030
-8.352262E-06, 0.000000
-8.283762E-06, -0.006030
-8.215262E-06, -0.006030
-8.146762E-06, -0.012060
-8.078262E-06, -0.012060
-8.009762E-06, -0.012060
-7.941262E-06, -0.006030
-7.872762E-06, -0.006030
-7.804262E-06, -0.012060
-7.735762E-06, -0.006030
-7.667262E-06, 0.000000
-7.598762E-06, 0.000000
-7.530262E-06, -0.006030
-7.461762E-06, -0.012060
-7.393262E-06, -0.006030
-7.324762E-06, -0.006030
-7.256262E-06, 0.000000
-7.187762E-06, -0.006030
-7.119262E-06, -0.006030
-7.050762E-06, -0.006030
-6.982262E-06, -0.006030
-6.913762E-06, -0.006030
-6.845262E-06, -0.006030
-6.776762E-06, -0.006030
-6.708262E-06, -0.006030
-6.639762E-06, -0.006030
-6.571262E-06, -0.012060
-6.502762E-06, -0.006030
-6.434262E-06, -0.006030
-6.365762E-06, -0.012060
-6.297262E-06, -0.006030
-6.228762E-06, -0.012060
-6.160262E-06, -0.012060
-6.091762E-06, -0.006030
-6.023262E-06, -0.012060
-5.954762E-06, -0.012060
-5.886262E-06, -0.012060
-5.817762E-06, -0.012060
-5.749262E-06, -0.006030
-5.680762E-06, -0.006030
-5.612262E-06, -0.006030
-5.543762E-06, -0.006030
-5.475262E-06, -0.006030
-5.406762E-06, 0.000000
-5.338262E-06, 0.000000
-5.269762E-06, -0.006030
-5.201262E-06, -0.012060
-5.132762E-06, 0.000000
-5.064262E-06, -0.006030
-4.995762E-06, -0.006030
-4.927262E-06, -0.012060
-4.858762E-06, -0.006030
-4.790262E-06, -0.006030
-4.721762E-06, -0.006030
-4.653262E-06, -0.006030
-4.584762E-06, 0.000000
-4.516262E-06, -0.012060
-4.447762E-06, -0.012060
-4.379262E-06, -0.006030
-4.310762E-06, -0.012060
-4.242262E-06, -0.012060
-4.173762E-06, -0.012060
-4.105262E-06, -0.006030
-4.036762E-06, -0.012060
-3.968262E-06, -0.006030
-3.899762E-06, -0.012060
-3.831262E-06, -0.006030
-3.762762E-06, -0.012060
-3.694262E-06, -0.018090
-3.625762E-06, -0.012060
-3.557262E-06, -0.012060
-3.488762E-06, -0.012060
-3.420262E-06, -0.006030
-3.351762E-06, -0.006030
-3.283262E-06, 0.000000
-3.214762E-06, -0.006030
-3.146262E-06, -0.006030
-3.077762E-06, -0.006030
-3.009262E-06, 0.000000
-2.940762E-06, 0.006030
-2.872262E-06, -0.006030
-2.803762E-06, 0.000000
-2.735262E-06, 0.000000
-2.666762E-06, -0.006030
-2.598262E-06, 0.000000
-2.529762E-06, -0.006030
-2.461262E-06, -0.006030
-2.392762E-06, -0.006030
-2.324262E-06, -0.006030
-2.255762E-06, -0.006030
-2.187262E-06, -0.012060
-2.118762E-06, -0.006030
-2.050262E-06, -0.012060
-1.981762E-06, -0.006030
-1.913262E-06, -0.012060
-1.844762E-06, -0.006030
-1.776262E-06, -0.006030
-1.707762E-06, -0.006030
-1.639262E-06, -0.006030
-1.570762E-06, -0.012060
-1.502262E-06, -0.006030
-1.433762E-06, 0.000000
-1.365262E-06, -0.012060
-1.296762E-06, -0.006030
-1.228262E-06, 0.000000
-1.159762E-06, -0.006030
-1.091262E-06, 0.000000
-1.022762E-06, -0.006030
-9.542619E-07, -0.006030
-8.857619E-07, -0.006030
-8.172619E-07, -0.006030
-7.487619E-07, 0.000000
-6.802619E-07, 0.000000
-6.117619E-07, -0.030151
-5.432619E-07, -0.036181
-4.747619E-07, -0.090452
-4.062619E-07, -0.174874
-3.377619E-07, -0.180905
-2.692619E-07, -0.156784
-2.007619E-07, -0.006030
-1.322619E-07, 0.247236
-6.376188E-08, 0.361809
4.738125E-09, 0.397990
7.323812E-08, 0.355779
1.417381E-07, 0.186935
2.102381E-07, 0.066332
2.787381E-07, -0.150754
3.472381E-07, -0.337688
4.157381E-07, -0.452261
4.842381E-07, -0.494472
5.527381E-07, -0.458291
6.212381E-07, -0.331658
6.897381E-07, -0.126633
7.582381E-07, 0.060302
8.267381E-07, 0.271357
8.952381E-07, 0.428141
9.637381E-07, 0.476382
1.032238E-06, 0.482412
1.100738E-06, 0.422111
1.169238E-06, 0.211055
1.237738E-06, 0.114573
1.306238E-06, -0.192965
1.374738E-06, -0.289447
1.443238E-06, -0.470352
1.511738E-06, -0.476382
1.580238E-06, -0.391960
1.648738E-06, -0.277387
1.717238E-06, -0.156784
1.785738E-06, 0.180905
1.854238E-06, 0.337688
1.922738E-06, 0.422111
1.991238E-06, 0.476382
2.059738E-06, 0.428141
2.128238E-06, 0.253266
2.196738E-06, 0.126633
2.265238E-06, -0.168844
2.333738E-06, -0.313568
2.402238E-06, -0.397990
2.470738E-06, -0.488442
2.539238E-06, -0.458291
2.607738E-06, -0.355779
2.676238E-06, -0.126633
2.744738E-06, -0.066332
2.813238E-06, 0.174874
2.881738E-06, 0.307538
2.950238E-06, 0.470352
3.018738E-06, 0.446231
3.087238E-06, 0.422111
3.155738E-06, 0.241206
3.224238E-06, 0.144724
3.292738E-06, -0.217085
3.361238E-06, -0.379900
3.429738E-06, -0.470352
3.498238E-06, -0.488442
3.566738E-06, -0.434171
3.635238E-06, -0.223116
3.703738E-06, -0.162814
3.772238E-06, 0.048241
3.840738E-06, 0.289447
3.909238E-06, 0.440201
3.977738E-06, 0.464322
4.046238E-06, 0.452261
4.114738E-06, 0.325628
4.183238E-06, 0.217085
4.251738E-06, -0.168844
4.320238E-06, -0.265327
4.388738E-06, -0.428141
4.457238E-06, -0.482412
4.525738E-06, -0.464322
4.594238E-06, -0.410050
4.662738E-06, -0.217085
4.731238E-06, -0.126633
4.799738E-06, 0.205025
4.868238E-06, 0.367839
4.936738E-06, 0.446231
5.005238E-06, 0.422111
5.073738E-06, 0.295477
5.142238E-06, 0.066332
5.210738E-06, 0.006030
5.279238E-06, -0.108543
5.347738E-06, -0.138693
5.416238E-06, -0.084422
5.484738E-06, -0.054271
5.553238E-06, 0.054271
5.621738E-06, 0.126633
5.690238E-06, 0.114573
5.758738E-06, -0.006030
5.827238E-06, -0.192965
5.895738E-06, -0.301508
5.964238E-06, -0.416080
6.032738E-06, -0.434171
6.101238E-06, -0.361809
6.169738E-06, -0.168844
6.238238E-06, -0.066332
6.306738E-06, 0.132663
6.375238E-06, 0.434171
6.443738E-06, 0.458291
6.512238E-06, 0.470352
6.580738E-06, 0.349749
6.649238E-06, 0.295477
6.717738E-06, 0.054271
6.786238E-06, -0.132663
6.854738E-06, -0.289447
6.923238E-06, -0.464322
6.991738E-06, -0.470352
7.060238E-06, -0.440201
7.128738E-06, -0.253266
7.197238E-06, -0.102513
7.265738E-06, -0.018090
7.334238E-06, 0.192965
7.402738E-06, 0.446231
7.471238E-06, 0.464322
7.539738E-06, 0.470352
7.608238E-06, 0.373869
7.676738E-06, 0.229146
7.745238E-06, -0.024121
7.813738E-06, -0.265327
7.882238E-06, -0.446231
7.950738E-06, -0.482412
8.019238E-06, -0.494472
8.087738E-06, -0.397990
8.156238E-06, -0.223116
8.224738E-06, -0.126633
8.293238E-06, 0.144724
8.361738E-06, 0.265327
8.430238E-06, 0.464322
8.498738E-06, 0.464322
8.567238E-06, 0.410050
8.635738E-06, 0.319598
8.704238E-06, 0.174874
8.772738E-06, -0.162814
8.841238E-06, -0.337688
8.909738E-06, -0.416080
8.978238E-06, -0.446231
9.046738E-06, -0.325628
9.115238E-06, -0.108543
9.183738E-06, 0.036181
9.252238E-06, 0.090452
9.320738E-06, 0.114573
9.389238E-06, 0.078392
9.457738E-06, 0.060302
9.526238E-06, -0.066332
9.594738E-06, -0.144724
9.663238E-06, -0.144724
9.731738E-06, -0.102513
9.800238E-06, 0.042211
9.868738E-06, 0.186935
9.937238E-06, 0.337688
1.000574E-05, 0.404020
1.007424E-05, 0.391960
1.014274E-05, 0.186935
1.021124E-05, 0.096482
1.027974E-05, -0.036181
1.034824E-05, -0.289447
1.041674E-05, -0.452261
1.048524E-05, -0.494472
1.055374E-05, -0.482412
1.062224E-05, -0.313568
1.069074E-05, -0.144724
1.075924E-05, 0.156784
1.082774E-05, 0.205025
1.089624E-05, 0.349749
1.096474E-05, 0.470352
1.103324E-05, 0.470352
1.110174E-05, 0.367839
1.117024E-05, 0.271357
1.123874E-05, 0.060302
1.130724E-05, -0.259296
1.137574E-05, -0.440201
1.144424E-05, -0.470352
1.151274E-05, -0.482412
1.158124E-05, -0.446231
1.164974E-05, -0.253266
1.171824E-05, -0.120603
1.178674E-05, 0.126633
1.185524E-05, 0.367839
1.192374E-05, 0.422111
1.199224E-05, 0.470352
1.206074E-05, 0.446231
1.212924E-05, 0.349749
1.219774E-05, 0.120603
1.226624E-05, 0.030151
1.233474E-05, -0.307538
1.240324E-05, -0.416080
1.247174E-05, -0.488442
1.254024E-05, -0.476382
1.260874E-05, -0.416080
1.267724E-05, -0.174874
1.274574E-05, -0.102513
1.281424E-05, 0.198995
1.288274E-05, 0.434171
1.295124E-05, 0.470352
1.301974E-05, 0.446231
1.308824E-05, 0.379900
1.315674E-05, 0.217085
1.322524E-05, -0.078392
1.329374E-05, -0.162814
1.336224E-05, -0.373869
1.343074E-05, -0.458291
1.349924E-05, -0.488442
1.356774E-05, -0.452261
1.363624E-05, -0.271357
1.370474E-05, -0.162814
1.377324E-05, 0.120603
1.384174E-05, 0.301508
1.391024E-05, 0.440201
1.397874E-05, 0.470352
1.404724E-05, 0.434171
1.411574E-05, 0.337688
1.418424E-05, 0.180905
1.425274E-05, 0.042211
1.432124E-05, -0.198995
1.438974E-05, -0.446231
1.445824E-05, -0.482412
1.452674E-05, -0.476382
1.459524E-05, -0.319598
1.466374E-05, -0.253266
1.473224E-05, -0.060302
1.480074E-05, 0.241206
1.486924E-05, 0.385930
1.493774E-05, 0.464322
1.500624E-05, 0.470352
1.507474E-05, 0.416080
1.514324E-05, 0.307538
1.521174E-05, 0.030151
1.528024E-05, -0.090452
1.534874E-05, -0.313568
1.541724E-05, -0.482412
1.548574E-05, -0.476382
1.555424E-05, -0.458291
1.562274E-05, -0.373869
1.569124E-05, -0.126633
1.575974E-05, 0.150754
1.582824E-05, 0.180905
1.589674E-05, 0.379900
1.596524E-05, 0.464322
1.603374E-05, 0.446231
1.610224E-05, 0.319598
1.617074E-05, 0.156784
1.623924E-05, 0.084422
1.630774E-05, -0.253266
1.637624E-05, -0.440201
1.644474E-05, -0.482412
1.651324E-05, -0.470352
1.658174E-05, -0.434171
1.665024E-05, -0.205025
1.671874E-05, -0.054271
1.678724E-05, 0.186935
1.685574E-05, 0.247236
1.692424E-05, 0.416080
1.699274E-05, 0.422111
1.706124E-05, 0.325628
1.712974E-05, 0.156784
1.719824E-05, 0.012060
1.726674E-05, -0.072362
1.733524E-05, -0.126633
1.740374E-05, -0.114573
1.747224E-05, -0.072362
1.754074E-05, 0.030151
1.760924E-05, 0.108543
1.767774E-05, 0.114573
1.774624E-05, -0.030151
1.781474E-05, -0.090452
1.788324E-05, -0.271357
1.795174E-05, -0.367839
1.802024E-05, -0.416080
1.808874E-05, -0.397990
1.815724E-05, -0.174874
1.822574E-05, -0.096482
1.829424E-05, 0.205025
1.836274E-05, 0.307538
1.843124E-05, 0.482412
1.849974E-05, 0.476382
1.856824E-05, 0.446231
1.863674E-05, 0.295477
1.870524E-05, 0.156784
1.877374E-05, -0.180905
1.884224E-05, -0.253266
1.891074E-05, -0.434171
1.897924E-05, -0.428141
1.904774E-05, -0.343719
1.911624E-05, -0.241206
1.918474E-05, -0.036181
1.925324E-05, 0.078392
1.932174E-05, 0.108543
1.939024E-05, 0.102513
1.945874E-05, 0.060302
1.952724E-05, -0.054271
1.959574E-05, -0.114573
1.966424E-05, -0.144724
1.973274E-05, -0.042211
1.980124E-05, 0.096482
1.986974E-05, 0.247236
1.993824E-05, 0.355779
2.000674E-05, 0.404020
2.007524E-05, 0.349749
2.014374E-05, 0.144724
2.021224E-05, 0.030151
2.028074E-05, -0.247236
2.034924E-05, -0.277387
2.041774E-05, -0.482412
2.048624E-05, -0.482412
2.055474E-05, -0.488442
2.062324E-05, -0.385930
2.069174E-05, -0.126633
2.076024E-05, -0.042211
2.082874E-05, 0.217085
2.089724E-05, 0.452261
2.096574E-05, 0.470352
2.103424E-05, 0.476382
2.110274E-05, 0.410050
2.117124E-05, 0.138693
2.123974E-05, 0.084422
2.130824E-05, -0.259296
2.137674E-05, -0.307538
2.144524E-05, -0.482412
2.151374E-05, -0.482412
2.158224E-05, -0.416080
2.165074E-05, -0.217085
2.171924E-05, -0.162814
2.178774E-05, 0.084422
2.185624E-05, 0.241206
2.192474E-05, 0.470352
2.199324E-05, 0.464322
2.206174E-05, 0.452261
2.213024E-05, 0.259296
2.219874E-05, 0.078392
2.226724E-05, -0.078392
2.233574E-05, -0.247236
2.240424E-05, -0.434171
2.247274E-05, -0.476382
2.254124E-05, -0.476382
2.260974E-05, -0.373869
2.267824E-05, -0.162814
2.274674E-05, 0.066332
2.281524E-05, 0.271357
2.288374E-05, 0.313568
2.295224E-05, 0.470352
2.302074E-05, 0.458291
2.308924E-05, 0.391960
2.315774E-05, 0.174874
2.322624E-05, 0.102513
2.329474E-05, -0.138693
2.336324E-05, -0.397990
2.343174E-05, -0.470352
2.350024E-05, -0.482412
2.356874E-05, -0.440201
2.363724E-05, -0.259296
2.370574E-05, -0.084422
2.377424E-05, 0.072362
2.384274E-05, 0.301508
2.391124E-05, 0.458291
2.397974E-05, 0.464322
2.404824E-05, 0.458291
2.411674E-05, 0.373869
2.418524E-05, 0.229146
2.425374E-05, -0.144724
2.432224E-05, -0.247236
2.439074E-05, -0.404020
2.445924E-05, -0.470352
2.452774E-05, -0.482412
2.459624E-05, -0.416080
2.466474E-05, -0.192965
2.473324E-05, 0.006030
2.480174E-05, 0.223116
2.487024E-05, 0.391960
2.493874E-05, 0.440201
2.500724E-05, 0.464322
2.507574E-05, 0.440201
2.514424E-05, 0.205025
2.521274E-05, -0.012060
2.528124E-05, -0.150754
2.534974E-05, -0.259296
2.541824E-05, -0.458291
2.548674E-05, -0.476382
2.555524E-05, -0.464322
2.562374E-05, -0.283417
2.569224E-05, -0.198995
2.576074E-05, 0.132663
2.582924E-05, 0.174874
2.589774E-05, 0.355779
2.596624E-05, 0.464322
2.603474E-05, 0.464322
2.610324E-05, 0.373869
2.617174E-05, 0.168844
2.624024E-05, -0.054271
2.630874E-05, -0.138693
2.637724E-05, -0.289447
2.644574E-05, -0.476382
2.651424E-05, -0.476382
2.658274E-05, -0.373869
2.665124E-05, -0.319598
2.671974E-05, -0.072362
2.678824E-05, 0.168844
2.685674E-05, 0.404020
2.692524E-05, 0.428141
2.699374E-05, 0.476382
2.706224E-05, 0.452261
2.713074E-05, 0.325628
2.719924E-05, 0.072362
2.726774E-05, -0.066332
2.733624E-05, -0.259296
2.740474E-05, -0.379900
2.747324E-05, -0.488442
2.754174E-05, -0.482412
2.761024E-05, -0.434171
2.767874E-05, -0.205025
2.774724E-05, -0.096482
2.781574E-05, 0.229146
2.788424E-05, 0.313568
2.795274E-05, 0.440201
2.802124E-05, 0.470352
2.808974E-05, 0.428141
2.815824E-05, 0.247236
2.822674E-05, 0.030151
2.829524E-05, -0.229146
2.836374E-05, -0.331658
2.843224E-05, -0.446231
2.850074E-05, -0.488442
2.856924E-05, -0.410050
2.863774E-05, -0.271357
2.870624E-05, -0.156784
2.877474E-05, 0.150754
2.884324E-05, 0.265327
2.891174E-05, 0.428141
2.898024E-05, 0.470352
2.904874E-05, 0.440201
2.911724E-05, 0.277387
2.918574E-05, 0.223116
2.925424E-05, 0.000000
2.932274E-05, -0.247236
2.939124E-05, -0.428141
2.945974E-05, -0.482412
2.952824E-05, -0.488442
2.959674E-05, -0.349749
2.966524E-05, -0.186935
2.973374E-05, -0.030151
2.980224E-05, 0.192965
2.987074E-05, 0.355779
2.993924E-05, 0.464322
3.000774E-05, 0.464322
3.007624E-05, 0.446231
3.014474E-05, 0.174874
3.021324E-05, 0.006030
3.028174E-05, -0.235176
3.035024E-05, -0.289447
3.041874E-05, -0.440201
3.048724E-05, -0.482412
3.055574E-05, -0.434171
3.062424E-05, -0.410050
3.069274E-05, -0.114573
3.076124E-05, 0.126633
3.082974E-05, 0.198995
3.089824E-05, 0.355779
3.096674E-05, 0.470352
3.103524E-05, 0.464322
3.110374E-05, 0.355779
3.117224E-05, 0.192965
3.124074E-05, 0.042211
3.130924E-05, -0.174874
3.137774E-05, -0.416080
3.144624E-05, -0.464322
3.151474E-05, -0.482412
3.158324E-05, -0.361809
3.165174E-05, -0.325628
3.172024E-05, -0.126633
3.178874E-05, 0.168844
3.185724E-05, 0.241206
3.192574E-05, 0.428141
3.199424E-05, 0.458291
3.206274E-05, 0.434171
3.213124E-05, 0.229146
3.219974E-05, 0.120603
3.226824E-05, -0.180905
3.233674E-05, -0.235176
3.240524E-05, -0.434171
3.247374E-05, -0.482412
3.254224E-05, -0.464322
3.261074E-05, -0.404020
3.267924E-05, -0.235176
3.274774E-05, 0.072362
3.281624E-05, 0.168844
3.288474E-05, 0.428141
3.295324E-05, 0.476382
3.302174E-05, 0.470352
3.309024E-05, 0.416080
3.315874E-05, 0.186935
3.322724E-05, 0.030151
3.329574E-05, -0.205025
3.336424E-05, -0.337688
3.343274E-05, -0.488442
3.350124E-05, -0.488442
3.356974E-05, -0.464322
3.363824E-05, -0.271357
3.370674E-05, -0.150754
3.377524E-05, 0.060302
3.384374E-05, 0.331658
3.391224E-05, 0.422111
3.398074E-05, 0.458291
3.404924E-05, 0.428141
3.411774E-05, 0.241206
3.418624E-05, 0.180905
3.425474E-05, -0.144724
3.432324E-05, -0.235176
3.439174E-05, -0.361809
3.446024E-05, -0.476382
3.452874E-05, -0.458291
3.459724E-05, -0.440201
3.466574E-05, -0.211055
3.473424E-05, -0.102513
3.480274E-05, 0.096482
3.487124E-05, 0.301508
3.493974E-05, 0.416080
3.500824E-05, 0.337688
3.507674E-05, 0.265327
3.514524E-05, 0.120603
3.521374E-05, -0.018090
3.528224E-05, -0.108543
3.535074E-05, -0.132663
3.541924E-05, -0.090452
3.548774E-05, -0.054271
3.555624E-05, 0.084422
3.562474E-05, 0.114573
3.569324E-05, 0.120603
3.576174E-05, -0.054271
3.583024E-05, -0.102513
3.589874E-05, -0.259296
3.596724E-05, -0.416080
3.603574E-05, -0.428141
3.610424E-05, -0.355779
3.617274E-05, -0.259296
3.624124E-05, 0.000000
3.630974E-05, 0.229146
3.637824E-05, 0.416080
3.644674E-05, 0.476382
3.651524E-05, 0.458291
3.658374E-05, 0.422111
3.665224E-05, 0.211055
3.672074E-05, 0.066332
3.678924E-05, -0.150754
3.685774E-05, -0.331658
3.692624E-05, -0.470352
3.699474E-05, -0.488442
3.706324E-05, -0.440201
3.713174E-05, -0.343719
3.720024E-05, -0.138693
3.726874E-05, 0.120603
3.733724E-05, 0.229146
3.740574E-05, 0.440201
3.747424E-05, 0.458291
3.754274E-05, 0.446231
3.761124E-05, 0.259296
3.767974E-05, 0.090452
3.774824E-05, -0.030151
3.781674E-05, -0.192965
3.788524E-05, -0.361809
3.795374E-05, -0.482412
3.802224E-05, -0.488442
3.809074E-05, -0.422111
3.815924E-05, -0.180905
3.822774E-05, 0.018090
3.829624E-05, 0.241206
3.836474E-05, 0.307538
3.843324E-05, 0.446231
3.850174E-05, 0.464322
3.857024E-05, 0.385930
3.863874E-05, 0.283417
3.870724E-05, 0.090452
3.877574E-05, -0.054271
3.884424E-05, -0.325628
3.891274E-05, -0.379900
3.898124E-05, -0.488442
3.904974E-05, -0.452261
3.911824E-05, -0.349749
3.918674E-05, -0.217085
3.925524E-05, 0.132663
3.932374E-05, 0.247236
3.939224E-05, 0.434171
3.946074E-05, 0.458291
3.952924E-05, 0.446231
3.959774E-05, 0.385930
3.966624E-05, 0.186935
3.973474E-05, -0.114573
3.980324E-05, -0.211055
3.987174E-05, -0.361809
3.994024E-05, -0.494472
4.000874E-05, -0.488442
4.007724E-05, -0.464322
4.014574E-05, -0.343719
4.021424E-05, -0.168844
4.028274E-05, 0.198995
4.035124E-05, 0.349749
4.041974E-05, 0.458291
4.048824E-05, 0.470352
4.055674E-05, 0.446231
4.062524E-05, 0.301508
4.069374E-05, 0.192965
4.076224E-05, 0.036181
4.083074E-05, -0.241206
4.089924E-05, -0.434171
4.096774E-05, -0.476382
4.103624E-05, -0.488442
4.110474E-05, -0.385930
4.117324E-05, -0.205025
4.124174E-05, 0.072362
4.131024E-05, 0.247236
4.137874E-05, 0.283417
4.144724E-05, 0.452261
4.151574E-05, 0.464322
4.158424E-05, 0.343719
4.165274E-05, 0.180905
4.172124E-05, 0.084422
4.178974E-05, -0.174874
4.185824E-05, -0.373869
4.192674E-05, -0.494472
4.199524E-05, -0.482412
4.206374E-05, -0.428141
4.213224E-05, -0.307538
4.220074E-05, -0.162814
4.226924E-05, 0.090452
4.233774E-05, 0.325628
4.240624E-05, 0.470352
4.247474E-05, 0.470352
4.254324E-05, 0.464322
4.261174E-05, 0.307538
4.268024E-05, 0.211055
4.274874E-05, 0.090452
4.281724E-05, -0.223116
4.288574E-05, -0.361809
4.295424E-05, -0.476382
4.302274E-05, -0.464322
4.309124E-05, -0.410050
4.315974E-05, -0.259296
4.322824E-05, -0.030151
4.329674E-05, 0.156784
4.336524E-05, 0.319598
4.343374E-05, 0.428141
4.350224E-05, 0.464322
4.357074E-05, 0.422111
4.363924E-05, 0.217085
4.370774E-05, 0.030151
4.377624E-05, -0.211055
4.384474E-05, -0.283417
4.391324E-05, -0.464322
4.398174E-05, -0.488442
4.405024E-05, -0.476382
4.411874E-05, -0.367839
4.418724E-05, -0.217085
4.425574E-05, -0.030151
4.432424E-05, 0.265327
4.439274E-05, 0.404020
4.446124E-05, 0.464322
4.452974E-05, 0.470352
4.459824E-05, 0.416080
4.466674E-05, 0.150754
4.473524E-05, 0.042211
4.480374E-05, -0.247236
4.487224E-05, -0.361809
4.494074E-05, -0.476382
4.500924E-05, -0.494472
4.507774E-05, -0.434171
4.514624E-05, -0.229146
4.521474E-05, -0.156784
4.528324E-05, 0.060302
4.535174E-05, 0.337688
4.542024E-05, 0.416080
4.548874E-05, 0.458291
4.555724E-05, 0.416080
4.562574E-05, 0.295477
4.569424E-05, 0.205025
4.576274E-05, -0.114573
4.583124E-05, -0.241206
4.589974E-05, -0.385930
4.596824E-05, -0.482412
4.603674E-05, -0.488442
4.610524E-05, -0.349749
4.617374E-05, -0.271357
4.624224E-05, -0.120603
4.631074E-05, 0.180905
4.637924E-05, 0.331658
4.644774E-05, 0.452261
4.651624E-05, 0.464322
4.658474E-05, 0.422111
4.665324E-05, 0.180905
4.672174E-05, 0.126633
4.679024E-05, -0.168844
4.685874E-05, -0.349749
4.692724E-05, -0.428141
4.699574E-05, -0.440201
4.706424E-05, -0.337688
4.713274E-05, -0.205025
4.720124E-05, -0.006030
4.726974E-05, 0.102513
4.733824E-05, 0.108543
4.740674E-05, 0.096482
4.747524E-05, 0.012060
4.754374E-05, -0.126633
4.761224E-05, -0.150754
4.768074E-05, -0.144724
4.774924E-05, -0.108543
4.781774E-05, 0.084422
4.788624E-05, 0.223116
4.795474E-05, 0.385930
4.802324E-05, 0.410050
4.809174E-05, 0.373869
4.816024E-05, 0.126633
4.822874E-05, 0.078392
4.829724E-05, -0.192965
4.836574E-05, -0.361809
4.843424E-05, -0.458291
4.850274E-05, -0.494472
4.857124E-05, -0.458291
4.863974E-05, -0.247236
4.870824E-05, -0.198995
4.877674E-05, 0.186935
4.884524E-05, 0.271357
4.891374E-05, 0.404020
4.898224E-05, 0.416080
4.905074E-05, 0.295477
4.911924E-05, 0.060302
4.918774E-05, -0.042211
4.925624E-05, -0.096482
4.932474E-05, -0.138693
4.939324E-05, -0.132663
4.946174E-05, -0.084422
4.953024E-05, -0.078392
4.959874E-05, -0.060302
4.966724E-05, -0.048241
4.973574E-05, -0.030151
4.980424E-05, -0.030151
4.987274E-05, -0.024121
4.994124E-05, -0.018090
5.000974E-05, -0.006030
5.007824E-05, -0.024121
5.014674E-05, -0.012060
5.021524E-05, -0.012060
5.028374E-05, -0.006030
5.035224E-05, -0.006030
5.042074E-05, -0.006030
5.048924E-05, -0.006030
5.055774E-05, -0.006030
5.062624E-05, -0.006030
5.069474E-05, -0.006030
5.076324E-05, -0.012060
5.083174E-05, 0.000000
5.090024E-05, -0.012060
5.096874E-05, -0.006030
5.103724E-05, -0.012060
5.110574E-05, -0.018090
5.117424E-05, -0.006030
5.124274E-05, -0.012060
5.131124E-05, -0.006030
5.137974E-05, -0.012060
5.144824E-05, -0.006030
5.151674E-05, -0.012060
5.158524E-05, -0.012060
5.165374E-05, -0.018090
5.172224E-05, -0.012060
5.179074E-05, -0.018090
5.185924E-05, -0.018090
5.192774E-05, -0.012060
5.199624E-05, -0.012060
5.206474E-05, -0.018090
5.213324E-05, -0.012060
5.220174E-05, -0.012060
5.227024E-05, -0.006030
5.233874E-05, 0.000000
5.240724E-05, -0.006030
5.247574E-05, -0.012060
5.254424E-05, -0.012060
5.261274E-05, -0.012060
5.268124E-05, -0.012060
5.274974E-05, -0.006030
5.281824E-05, -0.012060
5.288674E-05, -0.006030
5.295524E-05, -0.012060
5.302374E-05, -0.006030
5.309224E-05, -0.012060
5.316074E-05, -0.012060
5.322924E-05, -0.006030
5.329774E-05, -0.018090
5.336624E-05, -0.012060
5.343474E-05, -0.012060
5.350324E-05, -0.012060
5.357174E-05, -0.012060
5.364024E-05, -0.012060
5.370874E-05, -0.012060
5.377724E-05, -0.012060
5.384574E-05, -0.006030
5.391424E-05, -0.012060
5.398274E-05, -0.012060
5.405124E-05, -0.012060
5.411974E-05, -0.006030
5.418824E-05, -0.012060
5.425674E-05, -0.012060
5.432524E-05, -0.006030
5.439374E-05, -0.006030
5.446224E-05, -0.006030
5.453074E-05, -0.012060
5.459924E-05, -0.006030
5.466774E-05, -0.006030
5.473624E-05, -0.012060
5.480474E-05, -0.012060
5.487324E-05, -0.006030
5.494174E-05, -0.012060
5.501024E-05, -0.006030
5.507874E-05, -0.012060
5.514724E-05, -0.012060
5.521574E-05, -0.018090
5.528424E-05, -0.012060
5.535274E-05, -0.012060
5.542124E-05, -0.012060
5.548974E-05, -0.012060
5.555824E-05, -0.018090
5.562674E-05, -0.012060
5.569524E-05, -0.012060
5.576374E-05, -0.012060
5.583224E-05, -0.006030
5.590074E-05, -0.006030
5.596924E-05, -0.012060
5.603774E-05, -0.012060
5.610624E-05, -0.012060
5.617474E-05, -0.012060
5.624324E-05, -0.012060
5.631174E-05, -0.006030
5.638024E-05, -0.012060
5.644874E-05, -0.006030
5.651724E-05, -0.006030
5.658574E-05, -0.006030
5.665424E-05, -0.006030
5.672274E-05, -0.012060
5.679124E-05, -0.006030
5.685974E-05, -0.006030
5.692824E-05, -0.018090
5.699674E-05, -0.012060
5.706524E-05, -0.012060
5.713374E-05, -0.012060
5.720224E-05, -0.012060
5.727074E-05, -0.012060
5.733924E-05, -0.018090
5.740774E-05, -0.018090
5.747624E-05, -0.012060
5.754474E-05, -0.012060
5.761324E-05, -0.018090
5.768174E-05, -0.018090
5.775024E-05, -0.012060
5.781874E-05, -0.006030
5.788724E-05, -0.012060
5.795574E-05, -0.012060
5.802424E-05, -0.018090
5.809274E-05, -0.012060
5.816124E-05, -0.006030
5.822974E-05, -0.006030
5.829824E-05, -0.006030
5.836674E-05, -0.006030
5.843524E-05, -0.006030
5.850374E-05, -0.006030
5.857224E-05, -0.006030
5.864074E-05, -0.006030
5.870924E-05, -0.012060
5.877774E-05, -0.012060
5.884624E-05, -0.006030
5.891474E-05, -0.012060
5.898324E-05, -0.012060
5.905174E-05, -0.018090
5.912024E-05, -0.006030
5.918874E-05, -0.012060
5.925724E-05, -0.012060
5.932574E-05, -0.012060
5.939424E-05, -0.012060
5.946274E-05, -0.012060
5.953124E-05, -0.012060
5.959974E-05, -0.012060
5.966824E-05, -0.012060
5.973674E-05, -0.012060
5.980524E-05, -0.006030
5.987374E-05, -0.012060
5.994224E-05, -0.012060
6.001074E-05, -0.012060
6.007924E-05, -0.006030
6.014774E-05, -0.006030
6.021624E-05, -0.006030
6.028474E-05, -0.006030
6.035324E-05, -0.006030
6.042174E-05, -0.012060
6.049024E-05, -0.006030
6.055874E-05, 0.000000
6.062724E-05, -0.006030
6.069574E-05, -0.006030
6.076424E-05, -0.006030
6.083274E-05, -0.012060
6.090124E-05, -0.012060
6.096974E-05, -0.012060
6.103824E-05, -0.012060
6.110674E-05, -0.012060
6.117524E-05, -0.006030
6.124374E-05, -0.012060
6.131224E-05, -0.012060
6.138074E-05, -0.018090
6.144924E-05, -0.018090
6.151774E-05, -0.012060
6.158624E-05, -0.006030
6.165474E-05, -0.006030
6.172324E-05, -0.012060
6.179174E-05, -0.006030
6.186024E-05, -0.012060
6.192874E-05, -0.012060
6.199724E-05, -0.012060
6.206574E-05, -0.006030
6.213424E-05, 0.000000
6.220274E-05, -0.006030
6.227124E-05, -0.006030
6.233974E-05, -0.006030
6.240824E-05, -0.012060
6.247674E-05, -0.006030
6.254524E-05, 0.000000
6.261374E-05, -0.006030
6.268224E-05, 0.000000
6.275074E-05, -0.012060
6.281924E-05, -0.006030
6.288774E-05, -0.012060
6.295624E-05, -0.006030
6.302474E-05, -0.006030
6.309324E-05, -0.006030
6.316174E-05, -0.012060
6.323024E-05, -0.012060
6.329874E-05, -0.012060
6.336724E-05, -0.012060
6.343574E-05, -0.018090
6.350424E-05, -0.012060
6.357274E-05, -0.006030
6.364124E-05, -0.012060
6.370974E-05, -0.006030
6.377824E-05, -0.006030
6.384674E-05, -0.006030
6.391524E-05, -0.006030
6.398374E-05, -0.012060
6.405224E-05, -0.012060
6.412074E-05, -0.006030
6.418924E-05, -0.012060
6.425774E-05, -0.006030
6.432624E-05, -0.006030
6.439474E-05, 0.000000
6.446324E-05, 0.000000
6.453174E-05, -0.006030
6.460024E-05, -0.006030
6.466874E-05, -0.006030
6.473724E-05, -0.006030
6.480574E-05, 0.000000
6.487424E-05, -0.012060
6.494274E-05, -0.006030
6.501124E-05, -0.006030
6.507974E-05, -0.006030
6.514824E-05, -0.012060
6.521674E-05, -0.012060
6.528524E-05, -0.018090
6.535374E-05, -0.006030
6.542224E-05, -0.012060
6.549074E-05, -0.012060
6.555924E-05, -0.006030
6.562774E-05, -0.018090
6.569624E-05, -0.006030
6.576474E-05, -0.012060
6.583324E-05, -0.006030
6.590174E-05, -0.012060
6.597024E-05, -0.012060
6.603874E-05, -0.006030
6.610724E-05, 0.000000
6.617574E-05, 0.000000
6.624424E-05, 0.000000
6.631274E-05, -0.006030
6.638124E-05, -0.006030
6.644974E-05, -0.006030
6.651824E-05, -0.006030
6.658674E-05, 0.006030
6.665524E-05, 0.000000
6.672374E-05, -0.006030
6.679224E-05, -0.006030
6.686074E-05, -0.006030
6.692924E-05, -0.012060
6.699774E-05, -0.012060
6.706624E-05, -0.012060
6.713474E-05, -0.006030
6.720324E-05, -0.012060
6.727174E-05, -0.012060
6.734024E-05, -0.012060
6.740874E-05, -0.006030
6.747724E-05, -0.012060
6.754574E-05, -0.012060
6.761424E-05, -0.006030
6.768274E-05, -0.012060
6.775124E-05, -0.012060
6.781974E-05, -0.012060
6.788824E-05, -0.012060
6.795674E-05, -0.006030
6.802524E-05, 0.000000
6.809374E-05, -0.006030
6.816224E-05, -0.006030
6.823074E-05, -0.006030
6.829924E-05, 0.000000
6.836774E-05, -0.006030
6.843624E-05, 0.000000
6.850474E-05, -0.006030
6.857324E-05, -0.006030
6.864174E-05, 0.000000
6.871024E-05, -0.006030
6.877874E-05, -0.006030
6.884724E-05, -0.012060
6.891574E-05, -0.006030
6.898424E-05, -0.006030
6.905274E-05, -0.012060
6.912124E-05, -0.018090
6.918974E-05, -0.012060
6.925824E-05, -0.012060
6.932674E-05, -0.012060
6.939524E-05, -0.012060
6.946374E-05, -0.012060
6.953224E-05, -0.012060
6.960074E-05, -0.012060
6.966924E-05, -0.012060
6.973774E-05, -0.006030
6.980624E-05, -0.006030
6.987474E-05, -0.006030
6.994324E-05, -0.012060
7.001174E-05, -0.012060
7.008024E-05, -0.006030
7.014874E-05, -0.006030
7.021724E-05, -0.006030
7.028574E-05, 0.000000
7.035424E-05, -0.006030
7.042274E-05, -0.006030
7.049124E-05, 0.000000
7.055974E-05, -0.012060
7.062824E-05, -0.006030
7.069674E-05, -0.006030
7.076524E-05, -0.012060
7.083374E-05, -0.006030
7.090224E-05, -0.012060
7.097074E-05, -0.012060
7.103924E-05, -0.018090
7.110774E-05, -0.018090
7.117624E-05, -0.006030
7.124474E-05, -0.018090
7.131324E-05, -0.006030
7.138174E-05, -0.012060
7.145024E-05, -0.006030
7.151874E-05, -0.012060
7.158724E-05, -0.012060
7.165574E-05, -0.006030
7.172424E-05, -0.012060
7.179274E-05, -0.012060
7.186124E-05, -0.006030
7.192974E-05, -0.006030
7.199824E-05, -0.012060
7.206674E-05, 0.000000
7.213524E-05, 0.000000
7.220374E-05, -0.006030
7.227224E-05, -0.006030
7.234074E-05, 0.000000
7.240924E-05, -0.006030
7.247774E-05, 0.000000
7.254624E-05, 0.000000
7.261474E-05, 0.000000
7.268324E-05, -0.006030
7.275174E-05, -0.006030
7.282024E-05, -0.006030
7.288874E-05, -0.012060
7.295724E-05, -0.012060
7.302574E-05, -0.018090
7.309424E-05, -0.006030
7.316274E-05, -0.006030
7.323124E-05, -0.012060
7.329974E-05, -0.006030
7.336824E-05, -0.018090
7.343674E-05, -0.012060
7.350524E-05, -0.006030
7.357374E-05, -0.012060
7.364224E-05, 0.000000
7.371074E-05, -0.006030
7.377924E-05, -0.006030
7.384774E-05, -0.006030
7.391624E-05, -0.012060
7.398474E-05, -0.012060
7.405324E-05, -0.006030
7.412174E-05, -0.006030
7.419024E-05, 0.000000
7.425874E-05, 0.000000
7.432724E-05, 0.000000
7.439574E-05, -0.006030
7.446424E-05, -0.006030
7.453274E-05, -0.006030
7.460124E-05, -0.006030
7.466974E-05, 0.000000
7.473824E-05, -0.006030
7.480674E-05, -0.012060
7.487524E-05, -0.012060
7.494374E-05, -0.018090
7.501224E-05, -0.012060
7.508074E-05, -0.006030
7.514924E-05, -0.006030
7.521774E-05, -0.006030
7.528624E-05, -0.012060
7.535474E-05, -0.018090
7.542324E-05, -0.012060
7.549174E-05, -0.012060
7.556024E-05, -0.012060
7.562874E-05, -0.006030
7.569724E-05, -0.012060
7.576574E-05, -0.006030
7.583424E-05, -0.006030
7.590274E-05, -0.006030
7.597124E-05, -0.006030
7.603974E-05, -0.006030
7.610824E-05, -0.006030
7.617674E-05, 0.000000
7.624524E-05, 0.000000
7.631374E-05, 0.000000
7.638224E-05, -0.006030
7.645074E-05, -0.012060
7.651924E-05, 0.000000
7.658774E-05, -0.006030
7.665624E-05, -0.006030
7.672474E-05, -0.012060
7.679324E-05, -0.006030
7.686174E-05, -0.012060
7.693024E-05, -0.012060
7.699874E-05, -0.012060
7.706724E-05, -0.012060
7.713574E-05, -0.006030
7.720424E-05, -0.018090
7.727274E-05, -0.012060
7.734124E-05, -0.012060
7.740974E-05, -0.012060
7.747824E-05, -0.006030
7.754674E-05, -0.006030
7.761524E-05, -0.012060
7.768374E-05, -0.006030
7.775224E-05, -0.006030
7.782074E-05, -0.012060
7.788924E-05, -0.012060
7.795774E-05, -0.006030
7.802624E-05, -0.006030
7.809474E-05, 0.000000
7.816324E-05, 0.000000
7.823174E-05, 0.000000
7.830024E-05, -0.006030
7.836874E-05, -0.006030
7.843724E-05, 0.000000
7.850574E-05, -0.006030
7.857424E-05, -0.006030
7.864274E-05, -0.006030
7.871124E-05, -0.006030
7.877974E-05, -0.012060
7.884824E-05, -0.006030
7.891674E-05, -0.012060
7.898524E-05, -0.006030
7.905374E-05, -0.006030
7.912224E-05, -0.018090
7.919074E-05, -0.012060
7.925924E-05, -0.012060
7.932774E-05, -0.012060
7.939624E-05, -0.006030
7.946474E-05, -0.012060
7.953324E-05, -0.012060
7.960174E-05, 0.000000
7.967024E-05, -0.006030
7.973874E-05, -0.012060
7.980724E-05, -0.006030
7.987574E-05, -0.006030
7.994424E-05, -0.006030
8.001274E-05, 0.000000
8.008124E-05, -0.006030
8.014974E-05, -0.006030
8.021824E-05, 0.000000
8.028674E-05, -0.006030
8.035524E-05, -0.006030
8.042374E-05, 0.000000
8.049224E-05, 0.000000
8.056074E-05, -0.006030
8.062924E-05, 0.000000
8.069774E-05, -0.012060
8.076624E-05, -0.006030
8.083474E-05, -0.006030
8.090324E-05, -0.012060
8.097174E-05, -0.006030
8.104024E-05, -0.006030
8.110874E-05, -0.006030
8.117724E-05, -0.006030
8.124574E-05, -0.012060
8.131424E-05, -0.012060
8.138274E-05, -0.006030
8.145124E-05, -0.018090
8.151974E-05, -0.006030
8.158824E-05, -0.006030
8.165674E-05, -0.018090
8.172524E-05, -0.006030
8.179374E-05, 0.000000
8.186224E-05, 0.000000
8.193074E-05, 0.000000
8.199924E-05, 0.000000
8.206774E-05, 0.000000
8.213624E-05, 0.000000
8.220474E-05, 0.000000
8.227324E-05, 0.000000
8.234174E-05, 0.000000
8.241024E-05, 0.000000
8.247874E-05, 0.000000
8.254724E-05, 0.000000
8.261574E-05, -0.006030
8.268424E-05, -0.006030
8.275274E-05, -0.012060
8.282124E-05, -0.006030
8.288974E-05, -0.012060
8.295824E-05, -0.006030
8.302674E-05, -0.006030
8.309524E-05, -0.006030
8.316374E-05, -0.012060
8.323224E-05, -0.006030
8.330074E-05, -0.006030
8.336924E-05, -0.012060
8.343774E-05, -0.006030
8.350624E-05, 0.000000
8.357474E-05, -0.006030
8.364324E-05, -0.012060
8.371174E-05, -0.006030
8.378024E-05, -0.006030
8.384874E-05, 0.000000
8.391724E-05, 0.000000
8.398574E-05, -0.006030
8.405424E-05, 0.000000
8.412274E-05, 0.006030
8.419124E-05, 0.000000
8.425974E-05, 0.000000
8.432824E-05, -0.006030
8.439674E-05, -0.006030
8.446524E-05, -0.006030
8.453374E-05, -0.006030
8.460224E-05, 0.000000
8.467074E-05, -0.006030
8.473924E-05, -0.006030
8.480774E-05, -0.006030
8.487624E-05, -0.006030
8.494474E-05, -0.006030
8.501324E-05, -0.012060
8.508174E-05, -0.012060
8.515024E-05, -0.012060
8.521874E-05, -0.006030
8.528724E-05, -0.006030
8.535574E-05, -0.006030
8.542424E-05, -0.006030
8.549274E-05, -0.006030
8.556124E-05, -0.006030
8.562974E-05, 0.000000
8.569824E-05, 0.000000
8.576674E-05, 0.000000
8.583524E-05, 0.000000
8.590374E-05, 0.000000
8.597224E-05, -0.006030
8.604074E-05, 0.000000
8.610924E-05, 0.000000
8.617774E-05, 0.006030
8.624624E-05, 0.006030
8.631474E-05, 0.000000
8.638324E-05, 0.000000
8.645174E-05, 0.000000
8.652024E-05, 0.000000
8.658874E-05, 0.000000
8.665724E-05, -0.006030
8.672574E-05, 0.000000
8.679424E-05, -0.006030
8.686274E-05, -0.006030
8.693124E-05, -0.006030
8.699974E-05, -0.012060
8.706824E-05, -0.006030
8.713674E-05, -0.006030
8.720524E-05, -0.012060
8.727374E-05, -0.006030
8.734224E-05, -0.006030
8.741074E-05, -0.012060
8.747924E-05, 0.000000
8.754774E-05, -0.006030
8.761624E-05, -0.006030
8.768474E-05, -0.006030
8.775324E-05, 0.000000
8.782174E-05, -0.012060
8.789024E-05, 0.000000
8.795874E-05, -0.006030
8.802724E-05, 0.006030
8.809574E-05, 0.000000
8.816424E-05, 0.006030
8.823274E-05, 0.000000
8.830124E-05, 0.000000
8.836974E-05, 0.000000
8.843824E-05, 0.000000
8.850674E-05, -0.006030
8.857524E-05, 0.000000
8.864374E-05, 0.000000
8.871224E-05, -0.006030
8.878074E-05, -0.006030
8.884924E-05, -0.006030
8.891774E-05, -0.006030
8.898624E-05, -0.006030
8.905474E-05, -0.006030
8.912324E-05, -0.012060
8.919174E-05, -0.006030
8.926024E-05, -0.012060
8.932874E-05, -0.006030
8.939724E-05, -0.012060
8.946574E-05, -0.006030
8.953424E-05, -0.006030
8.960274E-05, 0.000000
8.967124E-05, 0.000000
8.973974E-05, 0.000000
8.980824E-05, 0.000000
8.987674E-05, 0.000000
8.994524E-05, 0.000000
9.001374E-05, 0.006030
9.008224E-05, 0.006030
9.015074E-05, 0.000000
9.021924E-05, 0.006030
9.028774E-05, 0.000000
9.035624E-05, 0.000000
9.042474E-05, 0.000000
9.049324E-05, 0.000000
9.056174E-05, 0.000000
9.063024E-05, -0.006030
9.069874E-05, 0.000000
9.076724E-05, -0.006030
9.083574E-05, -0.006030
9.090424E-05, -0.006030
9.097274E-05, 0.000000
9.104124E-05, -0.006030
9.110974E-05, -0.006030
9.117824E-05, -0.012060
9.124674E-05, -0.006030
9.131524E-05, -0.006030
9.138374E-05, -0.006030
9.145224E-05, -0.006030
9.152074E-05, 0.000000
9.158924E-05, 0.000000
9.165774E-05, 0.006030
9.172624E-05, -0.006030
9.179474E-05, 0.000000
9.186324E-05, -0.006030
9.193174E-05, 0.000000
9.200024E-05, 0.000000
9.206874E-05, 0.000000
9.213724E-05, -0.006030
9.220574E-05, 0.000000
9.227424E-05, 0.000000
9.234274E-05, 0.000000
9.241124E-05, 0.000000
9.247974E-05, 0.000000
9.254824E-05, 0.000000
9.261674E-05, 0.006030
9.268524E-05, 0.000000
9.275374E-05, -0.006030
9.282224E-05, -0.006030
9.289074E-05, -0.006030
9.295924E-05, -0.006030
9.302774E-05, -0.006030
9.309624E-05, -0.006030
9.316474E-05, -0.006030
9.323324E-05, 0.000000
9.330174E-05, -0.006030
9.337024E-05, -0.012060
9.343874E-05, -0.006030
9.350724E-05, 0.000000
9.357574E-05, -0.006030
9.364424E-05, 0.000000
9.371274E-05, 0.000000
9.378124E-05, 0.000000
9.384974E-05, 0.000000
9.391824E-05, 0.000000
9.398674E-05, 0.000000
9.405524E-05, 0.006030
9.412374E-05, 0.000000
9.419224E-05, 0.000000
9.426074E-05, 0.000000
9.432924E-05, 0.000000
9.439774E-05, 0.000000
9.446624E-05, 0.000000
9.453474E-05, 0.000000
9.460324E-05, -0.006030
9.467174E-05, 0.000000
9.474024E-05, -0.006030
9.480874E-05, -0.006030
9.487724E-05, 0.000000
9.494574E-05, -0.012060
9.501424E-05, -0.012060
9.508274E-05, -0.006030
9.515124E-05, -0.006030
9.521974E-05, -0.012060
9.528824E-05, 0.000000
9.535674E-05, -0.012060
9.542524E-05, 0.006030
9.549374E-05, -0.006030
9.556224E-05, 0.000000
9.563074E-05, -0.006030
9.569924E-05, 0.000000
9.576774E-05, 0.000000
9.583624E-05, 0.000000
9.590474E-05, 0.000000
9.597324E-05, 0.000000
9.604174E-05, -0.006030
9.611024E-05, 0.000000
9.617874E-05, 0.000000
9.624724E-05, -0.006030
9.631574E-05, 0.000000
9.638424E-05, 0.000000
9.645274E-05, 0.000000
9.652124E-05, 0.000000
9.658974E-05, 0.000000
9.665824E-05, -0.006030
9.672674E-05, -0.006030
9.679524E-05, -0.006030
9.686374E-05, -0.006030
9.693224E-05, 0.000000
9.700074E-05, -0.006030
9.706924E-05, -0.006030
9.713774E-05, -0.006030
9.720624E-05, -0.006030
9.727474E-05, 0.000000
9.734324E-05, 0.000000
9.741174E-05, 0.000000
9.748024E-05, -0.006030
9.754874E-05, -0.012060
9.761724E-05, 0.006030
9.768574E-05, 0.000000
9.775424E-05, 0.000000
9.782274E-05, 0.000000
9.789124E-05, 0.000000
9.795974E-05, -0.006030
9.802824E-05, -0.006030
9.809674E-05, 0.000000
9.816524E-05, 0.000000
9.823374E-05, 0.000000
9.830224E-05, 0.000000
9.837074E-05, 0.000000
9.843924E-05, 0.000000
9.850774E-05, -0.006030
9.857624E-05, 0.000000
9.864474E-05, 0.000000
9.871324E-05, -0.006030
9.878174E-05, -0.006030
9.885024E-05, -0.006030
9.891874E-05, -0.006030
9.898724E-05, -0.006030
9.905574E-05, -0.006030
9.912424E-05, 0.000000
9.919274E-05, 0.000000
9.926124E-05, -0.006030
9.932974E-05, 0.000000
9.939824E-05, 0.000000
9.946674E-05, 0.000000
9.953524E-05, -0.006030
9.960374E-05, 0.000000
9.967224E-05, 0.000000
9.974074E-05, -0.006030
9.980924E-05, 0.000000
9.987774E-05, -0.006030
9.994624E-05, 0.000000
1.000147E-04, 0.006030
1.000832E-04, 0.000000
1.001517E-04, 0.000000
1.002202E-04, 0.000000
1.002887E-04, 0.000000
1.003572E-04, 0.000000
1.004257E-04, -0.006030
1.004942E-04, 0.000000
1.005627E-04, 0.000000
1.006312E-04, 0.000000
1.006997E-04, 0.000000
1.007682E-04, -0.006030
1.008367E-04, 0.000000
1.009052E-04, 0.000000
1.009737E-04, 0.000000
1.010422E-04, 0.000000
1.011107E-04, -0.006030
1.011792E-04, 0.000000
1.012477E-04, -0.006030
1.013162E-04, 0.000000
1.013847E-04, 0.000000
1.014532E-04, 0.000000
1.015217E-04, 0.000000
1.015902E-04, 0.000000
1.016587E-04, -0.006030
1.017272E-04, -0.006030
1.017957E-04, 0.000000
1.018642E-04, -0.006030
1.019327E-04, 0.000000
1.020012E-04, 0.000000
1.020697E-04, 0.000000
1.021382E-04, 0.000000
1.022067E-04, 0.000000
1.022752E-04, 0.000000
1.023437E-04, 0.000000
1.024122E-04, 0.000000
1.024807E-04, 0.000000
1.025492E-04, -0.006030
1.026177E-04, -0.006030
1.026862E-04, 0.000000
1.027547E-04, 0.000000
1.028232E-04, 0.000000
1.028917E-04, -0.006030
1.029602E-04, -0.006030
1.030287E-04, -0.006030
1.030972E-04, 0.000000
1.031657E-04, 0.000000
1.032342E-04, -0.006030
1.033027E-04, -0.006030
1.033712E-04, 0.000000
1.034397E-04, 0.000000
1.035082E-04, 0.000000
1.035767E-04, 0.000000
1.036452E-04, 0.000000
1.037137E-04, 0.000000
1.037822E-04, 0.006030
1.038507E-04, 0.000000
1.039192E-04, 0.000000
1.039877E-04, 0.000000
1.040562E-04, 0.000000
1.041247E-04, 0.006030
1.041932E-04, 0.000000
1.042617E-04, 0.006030
1.043302E-04, 0.000000
1.043987E-04, 0.000000
1.044672E-04, 0.006030
1.045357E-04, 0.000000
1.046042E-04, 0.000000
1.046727E-04, -0.006030
1.047412E-04, -0.006030
1.048097E-04, -0.006030
1.048782E-04, -0.006030
1.049467E-04, -0.006030
1.050152E-04, 0.000000
1.050837E-04, 0.000000
1.051522E-04, 0.000000
1.052207E-04, -0.006030
1.052892E-04, -0.006030
1.053577E-04, -0.006030
1.054262E-04, 0.000000
1.054947E-04, 0.000000
1.055632E-04, 0.000000
1.056317E-04, -0.006030
1.057002E-04, -0.006030
1.057687E-04, 0.000000
1.058372E-04, -0.006030
1.059057E-04, 0.000000
1.059742E-04, 0.006030
1.060427E-04, 0.000000
1.061112E-04, -0.006030
1.061797E-04, 0.000000
1.062482E-04, 0.000000
1.063167E-04, -0.006030
1.063852E-04, 0.000000
1.064537E-04, 0.000000
1.065222E-04, 0.000000
1.065907E-04, 0.000000
1.066592E-04, 0.000000
1.067277E-04, -0.006030
1.067962E-04, -0.006030
1.068647E-04, -0.006030
1.069332E-04, 0.000000
1.070017E-04, 0.000000
1.070702E-04, -0.006030
1.071387E-04, 0.000000
1.072072E-04, 0.000000
1.072757E-04, -0.006030
1.073442E-04, 0.000000
1.074127E-04, -0.006030
1.074812E-04, 0.000000
1.075497E-04, 0.000000
1.076182E-04, 0.000000
1.076867E-04, 0.000000
1.077552E-04, 0.000000
1.078237E-04, 0.006030
1.078922E-04, 0.000000
1.079607E-04, 0.000000
1.080292E-04, 0.006030
1.080977E-04, 0.000000
1.081662E-04, 0.000000
1.082347E-04, 0.000000
1.083032E-04, 0.006030
1.083717E-04, 0.000000
1.084402E-04, 0.000000
1.085087E-04, 0.000000
1.085772E-04, 0.000000
1.086457E-04, 0.000000
1.087142E-04, -0.006030
1.087827E-04, -0.006030
1.088512E-04, 0.000000
1.089197E-04, 0.000000
1.089882E-04, -0.006030
1.090567E-04, 0.000000
1.091252E-04, -0.006030
1.091937E-04, -0.006030
1.092622E-04, 0.000000
1.093307E-04, -0.006030
1.093992E-04, -0.006030
1.094677E-04, 0.000000
1.095362E-04, 0.000000
1.096047E-04, -0.006030
1.096732E-04, 0.000000
1.097417E-04, 0.000000
1.098102E-04, 0.000000
1.098787E-04, 0.006030
1.099472E-04, 0.006030
1.100157E-04, 0.006030
1.100842E-04, 0.000000
1.101527E-04, -0.006030
1.102212E-04, 0.000000
1.102897E-04, 0.006030
1.103582E-04, 0.000000
1.104267E-04, 0.000000
1.104952E-04, -0.006030
1.105637E-04, -0.006030
1.106322E-04, 0.000000
1.107007E-04, 0.000000
1.107692E-04, 0.000000
1.108377E-04, 0.000000
1.109062E-04, -0.006030
1.109747E-04, 0.000000
1.110432E-04, 0.000000
1.111117E-04, -0.006030
1.111802E-04, -0.006030
1.112487E-04, 0.000000
1.113172E-04, 0.000000
1.113857E-04, 0.000000
1.114542E-04, -0.012060
1.115227E-04, 0.000000
1.115912E-04, 0.006030
1.116597E-04, -0.006030
1.117282E-04, 0.000000
1.117967E-04, 0.000000
1.118652E-04, 0.000000
1.119337E-04, -0.006030
1.120022E-04, 0.000000
1.120707E-04, 0.006030
1.121392E-04, 0.006030
1.122077E-04, 0.000000
1.122762E-04, 0.000000
1.123447E-04, 0.000000
1.124132E-04, 0.006030
1.124817E-04, 0.006030
1.125502E-04, 0.000000
1.126187E-04, -0.006030
1.126872E-04, 0.000000
1.127557E-04, -0.006030
1.128242E-04, 0.000000
1.128927E-04, -0.006030
1.129612E-04, 0.000000
1.130297E-04, -0.006030
1.130982E-04, 0.000000
1.131667E-04, 0.000000
1.132352E-04, 0.000000
1.133037E-04, 0.000000
1.133722E-04, -0.006030
1.134407E-04, -0.006030
1.135092E-04, -0.006030
1.135777E-04, -0.006030
1.136462E-04, 0.000000
1.137147E-04, 0.000000
1.137832E-04, -0.006030
1.138517E-04, 0.006030
1.139202E-04, -0.006030
1.139887E-04, 0.000000
1.140572E-04, 0.000000
1.141257E-04, 0.000000
1.141942E-04, 0.006030
1.142627E-04, 0.000000
1.143312E-04, 0.000000
1.143997E-04, 0.000000
1.144682E-04, 0.000000
1.145367E-04, 0.000000
1.146052E-04, 0.000000
1.146737E-04, 0.000000
1.147422E-04, 0.000000
1.148107E-04, -0.006030
1.148792E-04, 0.000000
1.149477E-04, 0.000000
1.150162E-04, 0.000000
1.150847E-04, -0.006030
1.151532E-04, 0.000000
1.152217E-04, 0.000000
1.152902E-04, -0.006030
1.153587E-04, -0.006030
1.154272E-04, 0.000000
1.154957E-04, -0.006030
1.155642E-04, 0.000000
1.156327E-04, -0.006030
1.157012E-04, -0.006030
1.157697E-04, -0.006030
1.158382E-04, 0.000000
1.159067E-04, 0.000000
1.159752E-04, 0.006030
1.160437E-04, 0.006030
1.161122E-04, -0.006030
1.161807E-04, 0.000000
1.162492E-04, 0.000000
1.163177E-04, 0.000000
1.163862E-04, -0.006030
1.164547E-04, 0.000000
1.165232E-04, 0.000000
1.165917E-04, 0.000000
1.166602E-04, -0.006030
1.167287E-04, -0.006030
1.167972E-04, 0.000000
1.168657E-04, -0.006030
1.169342E-04, -0.006030
1.170027E-04, -0.006030
1.170712E-04, 0.000000
1.171397E-04, -0.006030
1.172082E-04, -0.006030
1.172767E-04, -0.006030
1.173452E-04, 0.000000
1.174137E-04, 0.000000
1.174822E-04, 0.000000
1.175507E-04, 0.000000
1.176192E-04, -0.006030
1.176877E-04, -0.006030
1.177562E-04, -0.006030
1.178247E-04, -0.012060
1.178932E-04, 0.000000
1.179617E-04, 0.000000
1.180302E-04, 0.000000
1.180987E-04, 0.000000
1.181672E-04, -0.006030
1.182357E-04, -0.006030
1.183042E-04, 0.000000
1.183727E-04, 0.000000
1.184412E-04, 0.000000
1.185097E-04, 0.006030
1.185782E-04, -0.006030
1.186467E-04, 0.000000
1.187152E-04, -0.006030
1.187837E-04, -0.006030
1.188522E-04, -0.006030
1.189207E-04, 0.000000
1.189892E-04, -0.006030
1.190577E-04, -0.006030
1.191262E-04, -0.006030
1.191947E-04, -0.006030
1.192632E-04, -0.006030
1.193317E-04, -0.006030
1.194002E-04, -0.006030
1.194687E-04, 0.000000
1.195372E-04, 0.000000
1.196057E-04, -0.006030
1.196742E-04, -0.006030
1.197427E-04, 0.000000
1.198112E-04, 0.000000
1.198797E-04, 0.000000
1.199482E-04, 0.000000
1.200167E-04, 0.000000
1.200852E-04, 0.000000
1.201537E-04, -0.006030
1.202222E-04, 0.000000
1.202907E-04, 0.000000
1.203592E-04, 0.006030
1.204277E-04, 0.000000
1.204962E-04, 0.000000
1.205647E-04, -0.006030
1.206332E-04, -0.006030
1.207017E-04, -0.006030
1.207702E-04, -0.006030
1.208387E-04, 0.000000
1.209072E-04, -0.006030
1.209757E-04, -0.006030
1.210442E-04, -0.006030
1.211127E-04, -0.006030
1.211812E-04, -0.006030
1.212497E-04, -0.006030
1.213182E-04, 0.000000
1.213867E-04, 0.000000
1.214552E-04, 0.000000
1.215237E-04, 0.000000
1.215922E-04, 0.000000
1.216607E-04, -0.006030
1.217292E-04, -0.006030
1.217977E-04, 0.000000
1.218662E-04, 0.000000
1.219347E-04, 0.000000
1.220032E-04, 0.000000
1.220717E-04, 0.000000
1.221402E-04, 0.000000
1.222087E-04, 0.006030
1.222772E-04, 0.006030
1.223457E-04, 0.006030
1.224142E-04, 0.000000
1.224827E-04, 0.000000
1.225512E-04, -0.006030
1.226197E-04, -0.006030
1.226882E-04, -0.006030
1.227567E-04, -0.006030
1.228252E-04, 0.000000
1.228937E-04, 0.000000
1.229622E-04, -0.006030
1.230307E-04, -0.006030
1.230992E-04, -0.006030
1.231677E-04, -0.006030
1.232362E-04, 0.000000
1.233047E-04, 0.000000
1.233732E-04, -0.006030
1.234417E-04, -0.006030
1.235102E-04, 0.000000
1.235787E-04, 0.000000
1.236472E-04, 0.000000
1.237157E-04, 0.000000
1.237842E-04, 0.000000
1.238527E-04, 0.006030
1.239212E-04, 0.000000
1.239897E-04, 0.006030
1.240582E-04, 0.000000
1.241267E-04, 0.000000
1.241952E-04, 0.006030
1.242637E-04, 0.006030
1.243322E-04, 0.006030
1.244007E-04, 0.000000
1.244692E-04, 0.000000
1.245377E-04, 0.000000
1.246062E-04, 0.000000
1.246747E-04, 0.000000
1.247432E-04, -0.006030
1.248117E-04, -0.006030
1.248802E-04, -0.006030
1.249487E-04, -0.006030
1.250172E-04, -0.012060
1.250857E-04, -0.006030
1.251542E-04, 0.000000
1.252227E-04, 0.000000
1.252912E-04, -0.006030
1.253597E-04, -0.006030
1.254282E-04, 0.000000
1.254967E-04, 0.000000
1.255652E-04, -0.006030
1.256337E-04, -0.006030
1.257022E-04, 0.006030
1.257707E-04, 0.000000
1.258392E-04, 0.000000
1.259077E-04, 0.006030
1.259762E-04, 0.000000
1.260447E-04, 0.000000
1.261132E-04, 0.006030
1.261817E-04, 0.006030
1.262502E-04, 0.000000
1.263187E-04, 0.006030
1.263872E-04, 0.006030
1.264557E-04, -0.006030
1.265242E-04, 0.000000
1.265927E-04, -0.006030
1.266612E-04, -0.012060
1.267297E-04, 0.000000
1.267982E-04, 0.000000
1.268667E-04, 0.000000
1.269352E-04, -0.006030
1.270037E-04, -0.006030
1.270722E-04, -0.006030
1.271407E-04, -0.006030
1.272092E-04, -0.006030
1.272777E-04, -0.006030
1.273462E-04, -0.006030
1.274147E-04, 0.000000
1.274832E-04, 0.000000
1.275517E-04, 0.000000
1.276202E-04, 0.000000
1.276887E-04, 0.000000
1.277572E-04, 0.000000
1.278257E-04, 0.000000
1.278942E-04, 0.000000
1.279627E-04, 0.006030
1.280312E-04, 0.000000
1.280997E-04, 0.000000
1.281682E-04, 0.006030
1.282367E-04, 0.006030
1.283052E-04, 0.000000
1.283737E-04, 0.000000
1.284422E-04, -0.006030
1.285107E-04, 0.000000
1.285792E-04, -0.006030
1.286477E-04, 0.000000
1.287162E-04, -0.012060
1.287847E-04, 0.000000
1.288532E-04, -0.006030
1.289217E-04, 0.000000
1.289902E-04, -0.006030
1.290587E-04, -0.006030
1.291272E-04, 0.000000
1.291957E-04, 0.000000
1.292642E-04, 0.000000
1.293327E-04, 0.000000
1.294012E-04, 0.000000
1.294697E-04, 0.000000
1.295382E-04, 0.000000
1.296067E-04, -0.006030
1.296752E-04, 0.000000
1.297437E-04, 0.006030
1.298122E-04, 0.006030
1.298807E-04, 0.000000
1.299492E-04, 0.006030
1.300177E-04, 0.000000
1.300862E-04, 0.000000
1.301547E-04, 0.000000
1.302232E-04, 0.000000
1.302917E-04, 0.006030
1.303602E-04, 0.000000
1.304287E-04, 0.000000
1.304972E-04, 0.000000
1.305657E-04, -0.006030
1.306342E-04, 0.000000
1.307027E-04, -0.012060
1.307712E-04, -0.006030
1.308397E-04, -0.012060
1.309082E-04, -0.012060
1.309767E-04, -0.006030
1.310452E-04, -0.006030
1.311137E-04, -0.006030
1.311822E-04, -0.006030
1.312507E-04, -0.006030
1.313192E-04, 0.000000
1.313877E-04, 0.000000
1.314562E-04, 0.000000
1.315247E-04, 0.000000
1.315932E-04, 0.000000
1.316617E-04, 0.000000
1.317302E-04, 0.000000
1.317987E-04, 0.000000
1.318672E-04, 0.006030
1.319357E-04, 0.006030
1.320042E-04, 0.006030
1.320727E-04, 0.000000
1.321412E-04, 0.006030
1.322097E-04, 0.000000
1.322782E-04, 0.000000
1.323467E-04, 0.000000
1.324152E-04, 0.000000
1.324837E-04, 0.000000
1.325522E-04, -0.006030
1.326207E-04, -0.012060
1.326892E-04, -0.006030
1.327577E-04, -0.006030
1.328262E-04, -0.006030
1.328947E-04, 0.000000
1.329632E-04, -0.006030
1.330317E-04, -0.006030
1.331002E-04, 0.000000
1.331687E-04, -0.006030
1.332372E-04, -0.006030
1.333057E-04, -0.006030
1.333742E-04, 0.000000
1.334427E-04, -0.006030
1.335112E-04, 0.006030
1.335797E-04, -0.006030
1.336482E-04, 0.000000
1.337167E-04, 0.006030
1.337852E-04, 0.000000
1.338537E-04, 0.000000
1.339222E-04, 0.006030
1.339907E-04, 0.000000
1.340592E-04, 0.000000
1.341277E-04, -0.006030
1.341962E-04, -0.006030
1.342647E-04, 0.000000
1.343332E-04, -0.006030
1.344017E-04, 0.000000
1.344702E-04, -0.006030
1.345387E-04, -0.006030
1.346072E-04, -0.012060
1.346757E-04, -0.006030
1.347442E-04, -0.006030
1.348127E-04, 0.000000
1.348812E-04, -0.006030
1.349497E-04, -0.006030
1.350182E-04, 0.000000
1.350867E-04, 0.000000
1.351552E-04, -0.012060
1.352237E-04, -0.006030
1.352922E-04, -0.006030
1.353607E-04, -0.006030
1.354292E-04, -0.006030
1.354977E-04, 0.000000
1.355662E-04, -0.006030
1.356347E-04, 0.000000
1.357032E-04, 0.000000
1.357717E-04, 0.000000
1.358402E-04, 0.000000
1.359087E-04, 0.000000
1.359772E-04, 0.006030
1.360457E-04, 0.000000
1.361142E-04, 0.000000
1.361827E-04, 0.000000
1.362512E-04, -0.006030
1.363197E-04, 0.000000
1.363882E-04, 0.000000
1.364567E-04, -0.012060
1.365252E-04, -0.018090
1.365937E-04, -0.006030
1.366622E-04, -0.006030
1.367307E-04, -0.006030
1.367992E-04, -0.006030
1.368677E-04, 0.000000
1.369362E-04, -0.006030
1.370047E-04, -0.006030
1.370732E-04, -0.006030
1.371417E-04, 0.000000
1.372102E-04, -0.006030
1.372787E-04, -0.006030
1.373472E-04, -0.006030
1.374157E-04, -0.006030
1.374842E-04, -0.006030
1.375527E-04, 0.000000
1.376212E-04, -0.006030
1.376897E-04, 0.000000
1.377582E-04, 0.000000
1.378267E-04, 0.000000
1.378952E-04, 0.012060
1.379637E-04, 0.000000
1.380322E-04, 0.000000
1.381007E-04, 0.000000
1.381692E-04, 0.000000
1.382377E-04, 0.000000
1.383062E-04, 0.000000
1.383747E-04, 0.000000
1.384432E-04, 0.000000
1.385117E-04, -0.006030
1.385802E-04, -0.012060
1.386487E-04, 0.000000
1.387172E-04, -0.006030
1.387857E-04, 0.000000
1.388542E-04, -0.012060
1.389227E-04, -0.012060
1.389912E-04, -0.006030
1.390597E-04, -0.006030
1.391282E-04, -0.006030
1.391967E-04, -0.006030
1.392652E-04, -0.006030
1.393337E-04, 0.000000
1.394022E-04, 0.000000
1.394707E-04, 0.000000
1.395392E-04, 0.000000
1.396077E-04, 0.000000
1.396762E-04, 0.000000
1.397447E-04, 0.000000
1.398132E-04, 0.006030
1.398817E-04, 0.000000
1.399502E-04, 0.006030
1.400187E-04, 0.000000
1.400872E-04, 0.000000
1.401557E-04, 0.000000
1.402242E-04, -0.006030
1.402927E-04, 0.000000
1.403612E-04, -0.006030
1.404297E-04, -0.006030
1.404982E-04, -0.006030
1.405667E-04, -0.012060
1.406352E-04, -0.006030
1.407037E-04, -0.006030
1.407722E-04, -0.006030
1.408407E-04, -0.006030
1.409092E-04, -0.012060
1.409777E-04, -0.012060
1.410462E-04, -0.006030
1.411147E-04, 0.000000
1.411832E-04, -0.006030
1.412517E-04, -0.006030
1.413202E-04, -0.006030
1.413887E-04, -0.006030
1.414572E-04, -0.006030
1.415257E-04, 0.000000
1.415942E-04, 0.000000
1.416627E-04, 0.006030
1.417312E-04, 0.000000
1.417997E-04, 0.006030
1.418682E-04, 0.000000
1.419367E-04, 0.006030
1.420052E-04, 0.000000
1.420737E-04, 0.000000
1.421422E-04, 0.000000
1.422107E-04, -0.006030
1.422792E-04, -0.006030
1.423477E-04, -0.006030
1.424162E-04, 0.000000
1.424847E-04, 0.000000
1.425532E-04, -0.006030
1.426217E-04, -0.006030
1.426902E-04, 0.000000
1.427587E-04, -0.006030
1.428272E-04, -0.006030
1.428957E-04, -0.006030
1.429642E-04, -0.006030
1.430327E-04, -0.006030
1.431012E-04, -0.006030
1.431697E-04, -0.006030
1.432382E-04, -0.006030
1.433067E-04, 0.000000
1.433752E-04, 0.000000
1.434437E-04, -0.006030
1.435122E-04, 0.006030
1.435807E-04, 0.000000
1.436492E-04, 0.006030
1.437177E-04, 0.006030
1.437862E-04, 0.000000
1.438547E-04, 0.000000
1.439232E-04, 0.000000
1.439917E-04, 0.006030
1.440602E-04, 0.000000
1.441287E-04, 0.000000
1.441972E-04, 0.000000
1.442657E-04, -0.006030
1.443342E-04, -0.006030
1.444027E-04, 0.000000
1.444712E-04, 0.000000
1.445397E-04, -0.006030
1.446082E-04, -0.006030
1.446767E-04, -0.012060
1.447452E-04, -0.006030
1.448137E-04, -0.006030
1.448822E-04, -0.006030
1.449507E-04, -0.006030
1.450192E-04, 0.000000
1.450877E-04, -0.006030
1.451562E-04, -0.006030
1.452247E-04, -0.006030
1.452932E-04, -0.006030
1.453617E-04, 0.000000
1.454302E-04, 0.000000
1.454987E-04, 0.000000
1.455672E-04, 0.000000
1.456357E-04, 0.000000
1.457042E-04, 0.006030
1.457727E-04, 0.006030
1.458412E-04, 0.006030
1.459097E-04, 0.000000
1.459782E-04, 0.006030
1.460467E-04, 0.000000
1.461152E-04, 0.000000
1.461837E-04, 0.000000
1.462522E-04, -0.006030
1.463207E-04, -0.006030
1.463892E-04, 0.000000
1.464577E-04, 0.000000
1.465262E-04, -0.006030
1.465947E-04, -0.006030
1.466632E-04, -0.006030
1.467317E-04, -0.006030
1.468002E-04, -0.006030
1.468687E-04, -0.006030
1.469372E-04, -0.006030
1.470057E-04, -0.012060
1.470742E-04, -0.012060
1.471427E-04, -0.006030
1.472112E-04, -0.006030
1.472797E-04, -0.006030
1.473482E-04, 0.000000
1.474167E-04, 0.000000
1.474852E-04, 0.000000
1.475537E-04, 0.000000
1.476222E-04, 0.000000
1.476907E-04, -0.006030
1.477592E-04, -0.006030
1.478277E-04, 0.000000
1.478962E-04, 0.000000
1.479647E-04, 0.000000
1.480332E-04, 0.000000
1.481017E-04, -0.006030
1.481702E-04, -0.006030
1.482387E-04, -0.006030
1.483072E-04, -0.006030
1.483757E-04, 0.000000
1.484442E-04, 0.000000
1.485127E-04, -0.006030
1.485812E-04, -0.006030
1.486497E-04, -0.006030
1.487182E-04, -0.012060
1.487867E-04, -0.006030
1.488552E-04, 0.000000
1.489237E-04, -0.006030
1.489922E-04, -0.006030
1.490607E-04, -0.006030
1.491292E-04, 0.000000
1.491977E-04, -0.006030
1.492662E-04, 0.000000
1.493347E-04, -0.006030
1.494032E-04, 0.000000
1.494717E-04, 0.000000
1.495402E-04, 0.000000
1.496087E-04, 0.000000
1.496772E-04, 0.000000
1.497457E-04, 0.006030
1.498142E-04, 0.006030
1.498827E-04, 0.000000
1.499512E-04, 0.000000
1.500197E-04, -0.006030
1.500882E-04, -0.006030
1.501567E-04, -0.006030
1.502252E-04, -0.006030
1.502937E-04, 0.000000
1.503622E-04, -0.006030
1.504307E-04, -0.006030
1.504992E-04, -0.006030
1.505677E-04, -0.006030
1.506362E-04, 0.000000
1.507047E-04, -0.006030
1.507732E-04, -0.006030
1.508417E-04, -0.006030
1.509102E-04, -0.006030
1.509787E-04, -0.006030
1.510472E-04, -0.006030
1.511157E-04, 0.000000
1.511842E-04, 0.000000
1.512527E-04, -0.006030
1.513212E-04, 0.000000
1.513897E-04, 0.000000
1.514582E-04, 0.000000
1.515267E-04, 0.000000
1.515952E-04, -0.006030
1.516637E-04, 0.000000
1.517322E-04, 0.000000
1.518007E-04, 0.000000
1.518692E-04, 0.000000
1.519377E-04, 0.000000
1.520062E-04, 0.000000
1.520747E-04, -0.006030
1.521432E-04, -0.006030
1.522117E-04, -0.006030
1.522802E-04, 0.000000
1.523487E-04, -0.006030
1.524172E-04, -0.006030
1.524857E-04, -0.012060
1.525542E-04, -0.006030
1.526227E-04, -0.006030
1.526912E-04, 0.000000
1.527597E-04, -0.006030
1.528282E-04, -0.006030
1.528967E-04, -0.012060
1.529652E-04, -0.012060
1.530337E-04, -0.006030
1.531022E-04, 0.000000
1.531707E-04, 0.000000
1.532392E-04, 0.000000
1.533077E-04, 0.000000
1.533762E-04, -0.006030
1.534447E-04, 0.000000
1.535132E-04, -0.006030
1.535817E-04, -0.006030
1.536502E-04, -0.006030
1.537187E-04, 0.000000
1.537872E-04, 0.000000
1.538557E-04, 0.000000
1.539242E-04, 0.000000
1.539927E-04, 0.000000
1.540612E-04, 0.000000
1.541297E-04, 0.000000
1.541982E-04, 0.000000
1.542667E-04, -0.006030
1.543352E-04, -0.006030
1.544037E-04, 0.000000
1.544722E-04, -0.006030
1.545407E-04, -0.006030
1.546092E-04, -0.006030
1.546777E-04, -0.006030
1.547462E-04, 0.000000
1.548147E-04, -0.012060
1.548832E-04, -0.006030
1.549517E-04, -0.006030
1.550202E-04, -0.006030
1.550887E-04, 0.000000
1.551572E-04, 0.000000
1.552257E-04, 0.000000
1.552942E-04, 0.000000
1.553627E-04, -0.006030
1.554312E-04, 0.000000
1.554997E-04, 0.000000
1.555682E-04, 0.000000
1.556367E-04, -0.006030
1.557052E-04, 0.000000
1.557737E-04, 0.000000
1.558422E-04, 0.000000
1.559107E-04, -0.006030
1.559792E-04, 0.006030
1.560477E-04, -0.006030
1.561162E-04, 0.000000
1.561847E-04, -0.006030
1.562532E-04, -0.006030
1.563217E-04, -0.006030
1.563902E-04, -0.012060
1.564587E-04, -0.006030
1.565272E-04, -0.006030
1.565957E-04, -0.006030
1.566642E-04, -0.012060
1.567327E-04, -0.006030
1.568012E-04, -0.012060
1.568697E-04, -0.006030
1.569382E-04, -0.006030
1.570067E-04, -0.006030
1.570752E-04, -0.006030
1.571437E-04, 0.000000
1.572122E-04, 0.000000
1.572807E-04, -0.006030
1.573492E-04, -0.006030
1.574177E-04, 0.000000
1.574862E-04, 0.000000
1.575547E-04, 0.000000
1.576232E-04, -0.006030
1.576917E-04, -0.006030
1.577602E-04, 0.000000
1.578287E-04, -0.006030
1.578972E-04, 0.000000
1.579657E-04, 0.000000
1.580342E-04, 0.000000
1.581027E-04, 0.000000
1.581712E-04, -0.006030
1.582397E-04, 0.000000
1.583082E-04, -0.006030
1.583767E-04, 0.000000
1.584452E-04, -0.012060
1.585137E-04, -0.012060
1.585822E-04, -0.006030
1.586507E-04, -0.006030
1.587192E-04, -0.012060
1.587877E-04, -0.006030
1.588562E-04, -0.006030
1.589247E-04, -0.006030
1.589932E-04, -0.012060
1.590617E-04, -0.006030
1.591302E-04, -0.006030
1.591987E-04, -0.006030
1.592672E-04, -0.006030
1.593357E-04, -0.006030
1.594042E-04, -0.006030
1.594727E-04, -0.006030
1.595412E-04, -0.006030
1.596097E-04, 0.000000
1.596782E-04, -0.006030
1.597467E-04, 0.000000
1.598152E-04, -0.006030
1.598837E-04, 0.000000
1.599522E-04, 0.000000
1.600207E-04, 0.000000
1.600892E-04, -0.006030
1.601577E-04, -0.012060
1.602262E-04, -0.012060
1.602947E-04, -0.006030
1.603632E-04, -0.006030
1.604317E-04, -0.012060
1.605002E-04, -0.006030
1.605687E-04, -0.006030
1.606372E-04, -0.012060
1.607057E-04, 0.000000
1.607742E-04, -0.006030
1.608427E-04, -0.006030
1.609112E-04, -0.012060
1.609797E-04, -0.006030
1.610482E-04, -0.006030
1.611167E-04, -0.006030
1.611852E-04, -0.006030
1.612537E-04, -0.006030
1.613222E-04, 0.000000
1.613907E-04, -0.006030
1.614592E-04, 0.000000
1.615277E-04, -0.006030
1.615962E-04, -0.012060
1.616647E-04, 0.000000
1.617332E-04, -0.006030
1.618017E-04, 0.000000
1.618702E-04, 0.000000
1.619387E-04, -0.006030
1.620072E-04, 0.000000
1.620757E-04, -0.006030
1.621442E-04, -0.006030
1.622127E-04, -0.006030
1.622812E-04, -0.006030
1.623497E-04, -0.012060
1.624182E-04, -0.012060
1.624867E-04, -0.012060
1.625552E-04, -0.006030
1.626237E-04, -0.006030
1.626922E-04, -0.006030
1.627607E-04, -0.006030
1.628292E-04, -0.006030
1.628977E-04, -0.006030
1.629662E-04, -0.006030
1.630347E-04, -0.006030
1.631032E-04, -0.006030
1.631717E-04, -0.006030
1.632402E-04, -0.006030
1.633087E-04, -0.006030
1.633772E-04, -0.006030
1.634457E-04, -0.006030
1.635142E-04, -0.006030
1.635827E-04, 0.000000
1.636512E-04, 0.000000
1.637197E-04, 0.000000
1.637882E-04, 0.000000
1.638567E-04, 0.000000
1.639252E-04, 0.000000
1.639937E-04, -0.006030
1.640622E-04, -0.006030
1.641307E-04, -0.012060
1.641992E-04, -0.006030
1.642677E-04, -0.006030
1.643362E-04, 0.000000
1.644047E-04, -0.006030
1.644732E-04, -0.012060
1.645417E-04, -0.012060
1.646102E-04, 0.000000
1.646787E-04, -0.006030
1.647472E-04, -0.006030
1.648157E-04, -0.012060
1.648842E-04, -0.006030
1.649527E-04, -0.006030
1.650212E-04, -0.006030
1.650897E-04, -0.006030
1.651582E-04, -0.006030
1.652267E-04, 0.000000
1.652952E-04, -0.006030
1.653637E-04, 0.000000
1.654322E-04, -0.012060
1.655007E-04, -0.006030
1.655692E-04, -0.012060
1.656377E-04, -0.006030
1.657062E-04, 0.006030
1.657747E-04, 0.000000
1.658432E-04, 0.000000
1.659117E-04, 0.000000
1.659802E-04, 0.000000
1.660487E-04, -0.006030
1.661172E-04, -0.006030
1.661857E-04, -0.006030
1.662542E-04, 0.000000
1.663227E-04, -0.006030
1.663912E-04, -0.006030
1.664597E-04, -0.006030
1.665282E-04, -0.006030
1.665967E-04, -0.006030
1.666652E-04, 0.000000
1.667337E-04, -0.006030
1.668022E-04, -0.006030
1.668707E-04, -0.006030
1.669392E-04, -0.006030
1.670077E-04, -0.006030
1.670762E-04, -0.006030
1.671447E-04, -0.006030
1.672132E-04, -0.006030
1.672817E-04, -0.012060
1.673502E-04, -0.006030
1.674187E-04, -0.006030
1.674872E-04, 0.000000
1.675557E-04, 0.000000
1.676242E-04, 0.000000
1.676927E-04, 0.000000
1.677612E-04, 0.000000
1.678297E-04, 0.000000
1.678982E-04, 0.000000
1.679667E-04, -0.006030
1.680352E-04, -0.006030
1.681037E-04, -0.006030
1.681722E-04, -0.006030
1.682407E-04, -0.018090
1.683092E-04, -0.006030
1.683777E-04, -0.006030
1.684462E-04, -0.006030
1.685147E-04, -0.012060
1.685832E-04, -0.006030
1.686517E-04, 0.000000
1.687202E-04, -0.006030
1.687887E-04, -0.006030
1.688572E-04, -0.006030
1.689257E-04, -0.006030
1.689942E-04, -0.006030
1.690627E-04, -0.006030
1.691312E-04, -0.006030
1.691997E-04, -0.006030
1.692682E-04, 0.000000
1.693367E-04, -0.006030
1.694052E-04, -0.006030
1.694737E-04, 0.000000
1.695422E-04, 0.000000
1.696107E-04, 0.000000
1.696792E-04, 0.000000
1.697477E-04, -0.006030
1.698162E-04, 0.000000
1.698847E-04, -0.006030
1.699532E-04, 0.000000
1.700217E-04, 0.000000
1.700902E-04, 0.000000
1.701587E-04, -0.006030
1.702272E-04, -0.006030
1.702957E-04, -0.006030
1.703642E-04, -0.006030
1.704327E-04, -0.012060
1.705012E-04, 0.000000
1.705697E-04, -0.006030
1.706382E-04, -0.006030
1.707067E-04, 0.000000
1.707752E-04, -0.006030
1.708437E-04, -0.006030
1.709122E-04, -0.006030
1.709807E-04, -0.006030
1.710492E-04, -0.006030
1.711177E-04, -0.012060
1.711862E-04, 0.000000
1.712547E-04, -0.006030
1.713232E-04, 0.000000
1.713917E-04, -0.006030
1.714602E-04, 0.000000
1.715287E-04, -0.006030
1.715972E-04, 0.000000
1.716657E-04, 0.000000
1.717342E-04, 0.000000
1.718027E-04, 0.000000
1.718712E-04, -0.006030
1.719397E-04, 0.000000
1.720082E-04, -0.006030
1.720767E-04, -0.006030
1.721452E-04, -0.006030
1.722137E-04, -0.012060
1.722822E-04, -0.006030
1.723507E-04, -0.006030
1.724192E-04, -0.006030
1.724877E-04, -0.006030
1.725562E-04, 0.000000
1.726247E-04, -0.006030
1.726932E-04, -0.006030
1.727617E-04, -0.006030
1.728302E-04, -0.006030
1.728987E-04, -0.006030
1.729672E-04, -0.006030
1.730357E-04, -0.006030
1.731042E-04, -0.012060
1.731727E-04, -0.006030
1.732412E-04, -0.006030
1.733097E-04, 0.000000
1.733782E-04, -0.006030
1.734467E-04, 0.006030
1.735152E-04, -0.012060
1.735837E-04, 0.000000
1.736522E-04, 0.000000
1.737207E-04, 0.000000
1.737892E-04, 0.000000
1.738577E-04, -0.006030
1.739262E-04, -0.006030
1.739947E-04, -0.012060
1.740632E-04, -0.006030
1.741317E-04, -0.006030
1.742002E-04, 0.000000
1.742687E-04, -0.012060
1.743372E-04, -0.012060
1.744057E-04, -0.006030
1.744742E-04, -0.006030
1.745427E-04, 0.000000
1.746112E-04, -0.006030
1.746797E-04, -0.012060
1.747482E-04, -0.006030
1.748167E-04, -0.006030
1.748852E-04, -0.006030
1.749537E-04, -0.012060
1.750222E-04, -0.006030
1.750907E-04, -0.006030
1.751592E-04, -0.012060
1.752277E-04, -0.006030
1.752962E-04, -0.006030
1.753647E-04, -0.006030
1.754332E-04, -0.006030
1.755017E-04, -0.006030
1.755702E-04, 0.000000
1.756387E-04, 0.000000
1.757072E-04, -0.006030
1.757757E-04, 0.000000
1.758442E-04, 0.000000
1.759127E-04, -0.006030
1.759812E-04, 0.000000
1.760497E-04, -0.006030
1.761182E-04, -0.012060
1.761867E-04, -0.012060
1.762552E-04, -0.006030
1.763237E-04, -0.006030
1.763922E-04, -0.006030
1.764607E-04, -0.006030
1.765292E-04, -0.006030
1.765977E-04, -0.012060
1.766662E-04, -0.006030
1.767347E-04, -0.012060
1.768032E-04, -0.012060
1.768717E-04, -0.012060
1.769402E-04, -0.006030
1.770087E-04, -0.012060
1.770772E-04, -0.012060
1.771457E-04, -0.006030
1.772142E-04, -0.006030
1.772827E-04, -0.006030
1.773512E-04, 0.000000
1.774197E-04, 0.000000
1.774882E-04, -0.006030
1.775567E-04, -0.006030
1.776252E-04, 0.000000
1.776937E-04, -0.006030
1.777622E-04, 0.000000
1.778307E-04, -0.006030
1.778992E-04, -0.006030
1.779677E-04, -0.012060
1.780362E-04, -0.006030
1.781047E-04, -0.006030
1.781732E-04, -0.006030
1.782417E-04, -0.006030
1.783102E-04, -0.006030
1.783787E-04, -0.006030
1.784472E-04, -0.006030
1.785157E-04, -0.006030
1.785842E-04, -0.006030
1.786527E-04, -0.006030
1.787212E-04, -0.012060
1.787897E-04, -0.012060
1.788582E-04, -0.012060
1.789267E-04, -0.018090
1.789952E-04, -0.012060
1.790637E-04, -0.012060
1.791322E-04, -0.006030
1.792007E-04, -0.006030
1.792692E-04, -0.012060
1.793377E-04, -0.006030
1.794062E-04, -0.006030
1.794747E-04, 0.000000
1.795432E-04, -0.006030
1.796117E-04, 0.000000
1.796802E-04, -0.006030
1.797487E-04, 0.000000
1.798172E-04, 0.000000
1.798857E-04, -0.006030
1.799542E-04, -0.006030
1.800227E-04, 0.000000
1.800912E-04, -0.006030
1.801597E-04, -0.006030
1.802282E-04, -0.006030
1.802967E-04, -0.006030
1.803652E-04, -0.006030
1.804337E-04, -0.012060
1.805022E-04, -0.012060
1.805707E-04, -0.012060
1.806392E-04, -0.006030
1.807077E-04, -0.012060
1.807762E-04, -0.012060
1.808447E-04, -0.012060
1.809132E-04, -0.012060
1.809817E-04, -0.006030
1.810502E-04, -0.006030
1.811187E-04, -0.012060
1.811872E-04, -0.006030
1.812557E-04, -0.006030
1.813242E-04, -0.006030
1.813927E-04, -0.006030
1.814612E-04, -0.012060
1.815297E-04, -0.006030
1.815982E-04, -0.006030
1.816667E-04, -0.006030
1.817352E-04, -0.006030
1.818037E-04, -0.006030
1.818722E-04, -0.006030
1.819407E-04, -0.006030
1.820092E-04, -0.006030
1.820777E-04, -0.006030
1.821462E-04, -0.006030
1.822147E-04, -0.006030
1.822832E-04, -0.012060
1.823517E-04, -0.012060
1.824202E-04, -0.006030
1.824887E-04, -0.006030
1.825572E-04, -0.006030
1.826257E-04, -0.012060
1.826942E-04, -0.006030
1.827627E-04, -0.012060
1.828312E-04, -0.012060
1.828997E-04, -0.006030
1.829682E-04, -0.012060
1.830367E-04, -0.006030
1.831052E-04, -0.006030
1.831737E-04, -0.012060
1.832422E-04, -0.012060
1.833107E-04, -0.012060
1.833792E-04, -0.006030
1.834477E-04, -0.006030
1.835162E-04, -0.006030
1.835847E-04, -0.006030
1.836532E-04, -0.012060
1.837217E-04, -0.006030
1.837902E-04, -0.012060
1.838587E-04, 0.000000
1.839272E-04, -0.012060
1.839957E-04, -0.006030
1.840642E-04, -0.006030
1.841327E-04, -0.012060
1.842012E-04, -0.006030
1.842697E-04, -0.012060
1.843382E-04, -0.018090
1.844067E-04, -0.012060
1.844752E-04, -0.006030
1.845437E-04, -0.012060
1.846122E-04, -0.012060
1.846807E-04, -0.018090
1.847492E-04, -0.012060
1.848177E-04, -0.006030
1.848862E-04, -0.012060
1.849547E-04, -0.006030
1.850232E-04, -0.012060
1.850917E-04, -0.012060
1.851602E-04, -0.012060
1.852287E-04, 0.000000
1.852972E-04, -0.006030
1.853657E-04, -0.006030
1.854342E-04, -0.006030
1.855027E-04, -0.006030
1.855712E-04, -0.006030
1.856397E-04, -0.012060
1.857082E-04, -0.006030
1.857767E-04, -0.006030
1.858452E-04, -0.006030
1.859137E-04, -0.006030
1.859822E-04, -0.006030
1.860507E-04, -0.006030
1.861192E-04, -0.006030
1.861877E-04, -0.006030
1.862562E-04, -0.006030
1.863247E-04, -0.012060
1.863932E-04, -0.012060
1.864617E-04, -0.012060
1.865302E-04, -0.012060
1.865987E-04, -0.018090
1.866672E-04, -0.018090
1.867357E-04, -0.012060
1.868042E-04, -0.006030
1.868727E-04, -0.012060
1.869412E-04, -0.012060
1.870097E-04, -0.012060
1.870782E-04, -0.006030
1.871467E-04, -0.006030
1.872152E-04, -0.006030
1.872837E-04, -0.012060
1.873522E-04, -0.006030
1.874207E-04, -0.012060
1.874892E-04, -0.012060
1.875577E-04, -0.012060
1.876262E-04, -0.006030
1.876947E-04, -0.006030
1.877632E-04, -0.006030
1.878317E-04, -0.006030
1.879002E-04, -0.006030
1.879687E-04, -0.006030
1.880372E-04, -0.006030
1.881057E-04, 0.000000
1.881742E-04, -0.006030
1.882427E-04, -0.012060
1.883112E-04, -0.006030
1.883797E-04, -0.006030
1.884482E-04, -0.012060
1.885167E-04, -0.012060
1.885852E-04, -0.012060
1.886537E-04, -0.012060
1.887222E-04, -0.012060
1.887907E-04, -0.012060
1.888592E-04, -0.006030
1.889277E-04, -0.012060
1.889962E-04, -0.006030
1.890647E-04, -0.012060
1.891332E-04, -0.012060
1.892017E-04, -0.006030
1.892702E-04, -0.006030
1.893387E-04, -0.006030
1.894072E-04, -0.006030
1.894757E-04, -0.006030
1.895442E-04, -0.012060
1.896127E-04, -0.006030
1.896812E-04, 0.000000
1.897497E-04, 0.000000
1.898182E-04, 0.000000
1.898867E-04, -0.006030
1.899552E-04, -0.006030
1.900237E-04, -0.006030
1.900922E-04, -0.006030
1.901607E-04, -0.006030
1.902292E-04, -0.012060
1.902977E-04, -0.006030
1.903662E-04, -0.012060
1.904347E-04, -0.012060
1.905032E-04, -0.012060
1.905717E-04, -0.012060
1.906402E-04, -0.012060
1.907087E-04, -0.012060
1.907772E-04, -0.012060
1.908457E-04, -0.012060
1.909142E-04, -0.006030
1.909827E-04, -0.012060
1.910512E-04, -0.006030
1.911197E-04, -0.012060
1.911882E-04, -0.012060
1.912567E-04, -0.012060
1.913252E-04, -0.006030
1.913937E-04, -0.006030
1.914622E-04, -0.006030
1.915307E-04, -0.006030
1.915992E-04, -0.006030
1.916677E-04, -0.006030
1.917362E-04, 0.000000
1.918047E-04, -0.006030
1.918732E-04, -0.006030
1.919417E-04, -0.006030
1.920102E-04, -0.012060
1.920787E-04, -0.006030
1.921472E-04, -0.006030
1.922157E-04, -0.012060
1.922842E-04, -0.012060
1.923527E-04, -0.006030
1.924212E-04, -0.012060
1.924897E-04, -0.018090
1.925582E-04, -0.018090
1.926267E-04, -0.012060
1.926952E-04, -0.012060
1.927637E-04, -0.012060
1.928322E-04, -0.006030
1.929007E-04, -0.006030
1.929692E-04, -0.006030
1.930377E-04, -0.006030
1.931062E-04, -0.012060
1.931747E-04, -0.012060
1.932432E-04, -0.006030
1.933117E-04, -0.006030
1.933802E-04, -0.006030
1.934487E-04, -0.006030
1.935172E-04, 0.000000
1.935857E-04, 0.000000
1.936542E-04, 0.000000
1.937227E-04, -0.006030
1.937912E-04, 0.000000
1.938597E-04, -0.006030
1.939282E-04, -0.006030
1.939967E-04, -0.006030
1.940652E-04, -0.006030
1.941337E-04, -0.006030
1.942022E-04, -0.012060
1.942707E-04, -0.006030
1.943392E-04, -0.012060
1.944077E-04, -0.006030
1.944762E-04, -0.012060
1.945447E-04, -0.012060
1.946132E-04, -0.012060
1.946817E-04, -0.012060
1.947502E-04, -0.012060
1.948187E-04, -0.012060
1.948872E-04, -0.006030
1.949557E-04, -0.006030
1.950242E-04, -0.012060
1.950927E-04, -0.012060
1.951612E-04, -0.006030
1.952297E-04, -0.006030
1.952982E-04, -0.012060
1.953667E-04, -0.006030
1.954352E-04, -0.012060
1.955037E-04, 0.000000
1.955722E-04, 0.000000
1.956407E-04, 0.000000
1.957092E-04, -0.006030
1.957777E-04, -0.006030
1.958462E-04, -0.006030
1.959147E-04, -0.012060
1.959832E-04, -0.006030
1.960517E-04, -0.006030
1.961202E-04, -0.006030
1.961887E-04, -0.012060
1.962572E-04, -0.006030
1.963257E-04, -0.012060
1.963942E-04, -0.018090
1.964627E-04, -0.018090
1.965312E-04, -0.012060
1.965997E-04, -0.012060
1.966682E-04, -0.006030
1.967367E-04, -0.012060
1.968052E-04, -0.012060
1.968737E-04, -0.012060
1.969422E-04, -0.012060
1.970107E-04, -0.006030
1.970792E-04, -0.012060
1.971477E-04, -0.006030
1.972162E-04, -0.006030
1.972847E-04, -0.012060
1.973532E-04, -0.006030
1.974217E-04, -0.006030
1.974902E-04, 0.000000
1.975587E-04, 0.000000
1.976272E-04, -0.006030
1.976957E-04, -0.006030
1.977642E-04, -0.006030
1.978327E-04, 0.000000
1.979012E-04, -0.006030
1.979697E-04, -0.006030
1.980382E-04, -0.012060
1.981067E-04, -0.012060
1.981752E-04, -0.006030
1.982437E-04, -0.012060
1.983122E-04, -0.012060
1.983807E-04, -0.012060
1.984492E-04, -0.012060
1.985177E-04, -0.012060
1.985862E-04, -0.012060
1.986547E-04, -0.012060
1.987232E-04, -0.006030
1.987917E-04, -0.012060
1.988602E-04, -0.006030
1.989287E-04, -0.006030
1.989972E-04, -0.018090
1.990657E-04, -0.012060
1.991342E-04, -0.006030
1.992027E-04, -0.012060
1.992712E-04, -0.006030
1.993397E-04, -0.006030
1.994082E-04, -0.006030
1.994767E-04, 0.000000
1.995452E-04, 0.000000
1.996137E-04, -0.006030
1.996822E-04, -0.006030
1.997507E-04, -0.006030
1.998192E-04, -0.006030
1.998877E-04, -0.006030
1.999562E-04, -0.006030
2.000247E-04, -0.012060
2.000932E-04, -0.012060
2.001617E-04, -0.012060
2.002302E-04, -0.012060
2.002987E-04, -0.012060
2.003672E-04, -0.012060
2.004357E-04, -0.012060
2.005042E-04, -0.012060
2.005727E-04, -0.018090
2.006412E-04, -0.006030
2.007097E-04, -0.012060
2.007782E-04, -0.012060
2.008467E-04, -0.012060
2.009152E-04, -0.012060
2.009837E-04, -0.012060
2.010522E-04, -0.012060
2.011207E-04, -0.006030
2.011892E-04, -0.012060
2.012577E-04, -0.006030
2.013262E-04, -0.006030
2.013947E-04, -0.006030
2.014632E-04, -0.006030
2.015317E-04, 0.000000
2.016002E-04, 0.000000
2.016687E-04, 0.000000
2.017372E-04, 0.000000
2.018057E-04, 0.000000
2.018742E-04, -0.012060
2.019427E-04, -0.006030
2.020112E-04, -0.006030
2.020797E-04, -0.012060
2.021482E-04, -0.006030
2.022167E-04, -0.012060
2.022852E-04, -0.012060
2.023537E-04, -0.012060
2.024222E-04, -0.018090
2.024907E-04, -0.012060
2.025592E-04, -0.012060
2.026277E-04, -0.012060
2.026962E-04, -0.012060
2.027647E-04, -0.012060
2.028332E-04, -0.012060
2.029017E-04, -0.012060
2.029702E-04, -0.006030
2.030387E-04, -0.006030
2.031072E-04, -0.006030
2.031757E-04, 0.000000
2.032442E-04, -0.006030
2.033127E-04, -0.006030
2.033812E-04, 0.000000
2.034497E-04, -0.006030
2.035182E-04, -0.006030
2.035867E-04, -0.006030
2.036552E-04, 0.000000
2.037237E-04, 0.000000
2.037922E-04, -0.006030
2.038607E-04, -0.006030
2.039292E-04, -0.012060
2.039977E-04, -0.006030
2.040662E-04, -0.006030
2.041347E-04, -0.006030
2.042032E-04, -0.006030
2.042717E-04, -0.012060
2.043402E-04, -0.012060
2.044087E-04, -0.012060
2.044772E-04, -0.006030
2.045457E-04, -0.006030
2.046142E-04, -0.012060
2.046827E-04, -0.006030
2.047512E-04, -0.012060
2.048197E-04, -0.018090
2.048882E-04, -0.006030
2.049567E-04, -0.012060
2.050252E-04, -0.012060
2.050937E-04, -0.006030
2.051622E-04, -0.006030
2.052307E-04, -0.006030
2.052992E-04, 0.000000
2.053677E-04, -0.006030
2.054362E-04, -0.006030
2.055047E-04, 0.000000
2.055732E-04, 0.000000
2.056417E-04, 0.000000
2.057102E-04, -0.006030
2.057787E-04, -0.012060
2.058472E-04, -0.018090
2.059157E-04, -0.012060
2.059842E-04, -0.012060
2.060527E-04, -0.006030
2.061212E-04, -0.006030
2.061897E-04, -0.012060
2.062582E-04, -0.012060
2.063267E-04, -0.012060
2.063952E-04, -0.012060
2.064637E-04, -0.018090
2.065322E-04, -0.018090
2.066007E-04, -0.006030
2.066692E-04, -0.012060
2.067377E-04, -0.012060
2.068062E-04, -0.018090
2.068747E-04, -0.012060
2.069432E-04, -0.012060
2.070117E-04, -0.006030
2.070802E-04, -0.006030
2.071487E-04, -0.006030
2.072172E-04, -0.006030
2.072857E-04, -0.006030
2.073542E-04, -0.006030
2.074227E-04, -0.006030
2.074912E-04, 0.000000
2.075597E-04, -0.006030
2.076282E-04, -0.006030
2.076967E-04, 0.000000
2.077652E-04, -0.006030
2.078337E-04, -0.012060
2.079022E-04, -0.012060
2.079707E-04, -0.006030
2.080392E-04, -0.006030
2.081077E-04, -0.006030
2.081762E-04, -0.012060
2.082447E-04, -0.012060
2.083132E-04, -0.018090
2.083817E-04, -0.012060
2.084502E-04, -0.012060
2.085187E-04, -0.012060
2.085872E-04, -0.012060
2.086557E-04, -0.012060
2.087242E-04, -0.006030
2.087927E-04, -0.006030
2.088612E-04, -0.006030
2.089297E-04, -0.012060
2.089982E-04, -0.006030
2.090667E-04, -0.006030
2.091352E-04, 0.000000
2.092037E-04, -0.006030
2.092722E-04, -0.006030
2.093407E-04, -0.006030
2.094092E-04, -0.006030
2.094777E-04, 0.000000
2.095462E-04, -0.006030
2.096147E-04, 0.000000
2.096832E-04, -0.006030
2.097517E-04, -0.006030
2.098202E-04, -0.006030
2.098887E-04, -0.012060
2.099572E-04, -0.012060
2.100257E-04, -0.006030
2.100942E-04, -0.006030
2.101627E-04, -0.012060
2.102312E-04, -0.012060
2.102997E-04, -0.012060
2.103682E-04, -0.012060
2.104367E-04, -0.012060
2.105052E-04, -0.006030
2.105737E-04, -0.012060
2.106422E-04, -0.012060
2.107107E-04, -0.012060
2.107792E-04, -0.012060
2.108477E-04, -0.012060
2.109162E-04, -0.006030
2.109847E-04, 0.000000
2.110532E-04, -0.006030
2.111217E-04, -0.006030
2.111902E-04, -0.006030
2.112587E-04, -0.006030
2.113272E-04, -0.006030
2.113957E-04, 0.000000
2.114642E-04, -0.006030
2.115327E-04, 0.000000
2.116012E-04, -0.006030
2.116697E-04, -0.006030
2.117382E-04, -0.012060
2.118067E-04, -0.006030
2.118752E-04, -0.006030
2.119437E-04, -0.006030
2.120122E-04, -0.012060
2.120807E-04, -0.006030
2.121492E-04, -0.012060
2.122177E-04, -0.012060
2.122862E-04, -0.012060
2.123547E-04, -0.012060
2.124232E-04, -0.006030
2.124917E-04, -0.012060
2.125602E-04, -0.012060
2.126287E-04, -0.012060
2.126972E-04, -0.012060
2.127657E-04, -0.012060
2.128342E-04, -0.006030
2.129027E-04, 0.000000
2.129712E-04, 0.000000
2.130397E-04, -0.006030
2.131082E-04, 0.000000
2.131767E-04, -0.006030
2.132452E-04, -0.006030
2.133137E-04, -0.006030
2.133822E-04, -0.006030
2.134507E-04, -0.006030
2.135192E-04, -0.006030
2.135877E-04, -0.006030
2.136562E-04, -0.006030
2.137247E-04, -0.012060
2.137932E-04, -0.006030
2.138617E-04, -0.012060
2.139302E-04, -0.012060
2.139987E-04, -0.006030
2.140672E-04, -0.006030
2.141357E-04, -0.006030
2.142042E-04, -0.012060
2.142727E-04, -0.018090
2.143412E-04, -0.006030
2.144097E-04, -0.012060
2.144782E-04, -0.006030
2.145467E-04, -0.012060
2.146152E-04, -0.012060
2.146837E-04, -0.006030
2.147522E-04, -0.006030
2.148207E-04, -0.012060
2.148892E-04, -0.006030
2.149577E-04, -0.006030
2.150262E-04, 0.000000
2.150947E-04, -0.006030
2.151632E-04, -0.006030
2.152317E-04, -0.006030
2.153002E-04, -0.006030
2.153687E-04, -0.006030
2.154372E-04, -0.006030
2.155057E-04, 0.000000
2.155742E-04, -0.006030
2.156427E-04, -0.006030
2.157112E-04, -0.006030
2.157797E-04, -0.006030
2.158482E-04, -0.012060
2.159167E-04, -0.006030
2.159852E-04, -0.006030
2.160537E-04, -0.012060
2.161222E-04, -0.012060
2.161907E-04, -0.012060
2.162592E-04, -0.012060
2.163277E-04, -0.012060
2.163962E-04, -0.012060
2.164647E-04, -0.012060
2.165332E-04, -0.012060
2.166017E-04, -0.006030
2.166702E-04, -0.012060
2.167387E-04, -0.006030
2.168072E-04, -0.006030
2.168757E-04, -0.006030
2.169442E-04, -0.006030
2.170127E-04, -0.006030
2.170812E-04, -0.006030
2.171497E-04, -0.006030
2.172182E-04, 0.000000
2.172867E-04, -0.006030
2.173552E-04, -0.006030
2.174237E-04, -0.012060
2.174922E-04, 0.000000
2.175607E-04, -0.006030
2.176292E-04, -0.006030
2.176977E-04, 0.000000
2.177662E-04, -0.006030
2.178347E-04, -0.006030
2.179032E-04, -0.012060
2.179717E-04, -0.006030
2.180402E-04, -0.012060
2.181087E-04, -0.012060
2.181772E-04, -0.006030
2.182457E-04, -0.012060
2.183142E-04, -0.018090
2.183827E-04, -0.012060
2.184512E-04, -0.006030
2.185197E-04, -0.012060
2.185882E-04, -0.012060
2.186567E-04, -0.006030
2.187252E-04, -0.006030
2.187937E-04, -0.006030
2.188622E-04, -0.006030
2.189307E-04, -0.006030
2.189992E-04, -0.006030
2.190677E-04, -0.006030
2.191362E-04, -0.006030
2.192047E-04, -0.006030
2.192732E-04, -0.006030
2.193417E-04, -0.012060
2.194102E-04, -0.012060
2.194787E-04, -0.012060
2.195472E-04, -0.006030
2.196157E-04, 0.000000
2.196842E-04, -0.006030
2.197527E-04, -0.006030
2.198212E-04, -0.006030
2.198897E-04, -0.006030
2.199582E-04, -0.012060
2.200267E-04, -0.012060
2.200952E-04, -0.012060
2.201637E-04, -0.012060
2.202322E-04, -0.006030
2.203007E-04, -0.012060
2.203692E-04, -0.012060
2.204377E-04, -0.012060
2.205062E-04, -0.006030
2.205747E-04, -0.006030
2.206432E-04, -0.012060
2.207117E-04, -0.006030
2.207802E-04, -0.006030
2.208487E-04, -0.006030
2.209172E-04, -0.006030
2.209857E-04, 0.000000
2.210542E-04, -0.006030
2.211227E-04, -0.006030
2.211912E-04, -0.012060
2.212597E-04, -0.012060
2.213282E-04, -0.006030
2.213967E-04, -0.006030
2.214652E-04, -0.006030
2.215337E-04, -0.006030
2.216022E-04, 0.000000
2.216707E-04, -0.006030
2.217392E-04, -0.006030
2.218077E-04, -0.006030
2.218762E-04, -0.012060
2.219447E-04, -0.006030
2.220132E-04, -0.012060
2.220817E-04, -0.018090
2.221502E-04, -0.012060
2.222187E-04, -0.006030
2.222872E-04, -0.018090
2.223557E-04, -0.012060
2.224242E-04, -0.006030
2.224927E-04, -0.006030
2.225612E-04, -0.006030
2.226297E-04, -0.012060
2.226982E-04, -0.012060
2.227667E-04, 0.000000
2.228352E-04, -0.006030
2.229037E-04, -0.006030
2.229722E-04, -0.006030
2.230407E-04, -0.006030
2.231092E-04, -0.006030
2.231777E-04, 0.000000
2.232462E-04, -0.006030
2.233147E-04, 0.000000
2.233832E-04, 0.000000
2.234517E-04, 0.000000
2.235202E-04, 0.000000
2.235887E-04, -0.006030
2.236572E-04, -0.006030
2.237257E-04, -0.012060
2.237942E-04, -0.012060
2.238627E-04, -0.006030
2.239312E-04, -0.006030
2.239997E-04, -0.012060
2.240682E-04, -0.012060
2.241367E-04, -0.018090
2.242052E-04, -0.012060
2.242737E-04, -0.006030
2.243422E-04, -0.006030
2.244107E-04, -0.006030
2.244792E-04, 0.000000
2.245477E-04, -0.012060
2.246162E-04, -0.006030
2.246847E-04, -0.006030
2.247532E-04, -0.012060
2.248217E-04, -0.006030
2.248902E-04, 0.000000
