x-axis,1
second,Volt
-102.0000E-06,
-101.5000E-06,+0.0E+00
-101.0000E-06,-8.0402009E-03
-100.5000E-06,-8.0402009E-03
-100.0000E-06,+0.0E+00
-99.5000E-06,-518.7226E-06
-99.0000E-06,-8.0402009E-03
-98.5000E-06,-4.6685038E-03
-98.0000E-06,-8.0402009E-03
-97.5000E-06,-8.0402009E-03
-97.0000E-06,-2.8529745E-03
-96.5000E-06,-8.0402009E-03
-96.0000E-06,-8.0402009E-03
-95.5000E-06,-8.0402009E-03
-95.0000E-06,-12.9680660E-03
-94.5000E-06,-8.0402009E-03
-94.0000E-06,-16.0804018E-03
-93.5000E-06,-6.7433943E-03
-93.0000E-06,-12.7087047E-03
-92.5000E-06,-16.0804018E-03
-92.0000E-06,-15.5616792E-03
-91.5000E-06,-8.0402009E-03
-91.0000E-06,-12.4493434E-03
-90.5000E-06,-13.7461500E-03
-90.0000E-06,-8.0402009E-03
-89.5000E-06,-8.0402009E-03
-89.0000E-06,-11.9306207E-03
-88.5000E-06,-16.0804018E-03
-88.0000E-06,-8.0402009E-03
-87.5000E-06,-8.0402009E-03
-87.0000E-06,-8.0402009E-03
-86.5000E-06,-9.8557302E-03
-86.0000E-06,-8.0402009E-03
-85.5000E-06,-8.0402009E-03
-85.0000E-06,-11.6712594E-03
-84.5000E-06,-16.0804018E-03
-84.0000E-06,+0.0E+00
-83.5000E-06,-8.0402009E-03
-83.0000E-06,-8.0402009E-03
-82.5000E-06,-9.3370075E-03
-82.0000E-06,-8.0402009E-03
-81.5000E-06,-8.0402009E-03
-81.0000E-06,-8.0402009E-03
-80.5000E-06,-15.0429566E-03
-80.0000E-06,-8.0402009E-03
-79.5000E-06,-8.0402009E-03
-79.0000E-06,-8.0402009E-03
-78.5000E-06,-16.0804018E-03
-78.0000E-06,-16.0804018E-03
-77.5000E-06,+0.0E+00
-77.0000E-06,-8.0402009E-03
-76.5000E-06,-16.0804018E-03
-76.0000E-06,-8.0402009E-03
-75.5000E-06,-8.0402009E-03
-75.0000E-06,-10.3744528E-03
-74.5000E-06,-16.0804018E-03
-74.0000E-06,-1.8155292E-03
-73.5000E-06,-8.0402009E-03
-73.0000E-06,-14.0055113E-03
-72.5000E-06,-16.0804018E-03
-72.0000E-06,-14.0055113E-03
-71.5000E-06,-3.8904198E-03
-71.0000E-06,-14.2648726E-03
-70.5000E-06,-8.0402009E-03
-70.0000E-06,-10.3744528E-03
-69.5000E-06,-8.0402009E-03
-69.0000E-06,-9.5963688E-03
-68.5000E-06,-16.0804018E-03
-68.0000E-06,-13.4867886E-03
-67.5000E-06,-8.0402009E-03
-67.0000E-06,-14.7835952E-03
-66.5000E-06,-8.8182849E-03
-66.0000E-06,-8.0402009E-03
-65.5000E-06,-3.1123358E-03
-65.0000E-06,-16.0804018E-03
-64.5000E-06,-8.0402009E-03
-64.0000E-06,-8.0402009E-03
-63.5000E-06,-5.1872264E-03
-63.0000E-06,-8.0402009E-03
-62.5000E-06,-9.3370075E-03
-62.0000E-06,-3.3716972E-03
-61.5000E-06,-2.5936132E-03
-61.0000E-06,-8.0402009E-03
-60.5000E-06,-9.5963688E-03
-60.0000E-06,-8.0402009E-03
-59.5000E-06,-8.0402009E-03
-59.0000E-06,-8.0402009E-03
-58.5000E-06,-8.0402009E-03
-58.0000E-06,+0.0E+00
-57.5000E-06,+0.0E+00
-57.0000E-06,-8.0402009E-03
-56.5000E-06,-8.0402009E-03
-56.0000E-06,-3.8904198E-03
-55.5000E-06,+0.0E+00
-55.0000E-06,-8.0402009E-03
-54.5000E-06,-8.0402009E-03
-54.0000E-06,-8.0402009E-03
-53.5000E-06,+0.0E+00
-53.0000E-06,-8.0402009E-03
-52.5000E-06,-8.0402009E-03
-52.0000E-06,-4.6685038E-03
-51.5000E-06,+0.0E+00
-51.0000E-06,-7.2621170E-03
-50.5000E-06,-8.0402009E-03
-50.0000E-06,+0.0E+00
-49.5000E-06,-8.0402009E-03
-49.0000E-06,-8.0402009E-03
-48.5000E-06,-8.0402009E-03
-48.0000E-06,+0.0E+00
-47.5000E-06,-8.0402009E-03
-47.0000E-06,-1.2968066E-03
-46.5000E-06,-3.3716972E-03
-46.0000E-06,+0.0E+00
-45.5000E-06,-518.7226E-06
-45.0000E-06,-8.0402009E-03
-44.5000E-06,+0.0E+00
-44.0000E-06,-8.0402009E-03
-43.5000E-06,-259.3613E-06
-43.0000E-06,-9.8557302E-03
-42.5000E-06,-8.0402009E-03
-42.0000E-06,-5.9653104E-03
-41.5000E-06,+0.0E+00
-41.0000E-06,-8.0402009E-03
-40.5000E-06,-8.0402009E-03
-40.0000E-06,-8.0402009E-03
-39.5000E-06,-7.7808396E-03
-39.0000E-06,-8.0402009E-03
-38.5000E-06,+0.0E+00
-38.0000E-06,-6.4840330E-03
-37.5000E-06,-518.7226E-06
-37.0000E-06,+0.0E+00
-36.5000E-06,-3.3716972E-03
-36.0000E-06,+0.0E+00
-35.5000E-06,+0.0E+00
-35.0000E-06,+0.0E+00
-34.5000E-06,-8.0402009E-03
-34.0000E-06,+1.0374453E-03
-33.5000E-06,+0.0E+00
-33.0000E-06,-4.9278651E-03
-32.5000E-06,+0.0E+00
-32.0000E-06,+778.0840E-06
-31.5000E-06,-6.7433943E-03
-31.0000E-06,-3.3716972E-03
-30.5000E-06,+0.0E+00
-30.0000E-06,+0.0E+00
-29.5000E-06,+0.0E+00
-29.0000E-06,-8.0402009E-03
-28.5000E-06,-5.7059490E-03
-28.0000E-06,+7.7808396E-03
-27.5000E-06,+0.0E+00
-27.0000E-06,+0.0E+00
-26.5000E-06,+2.0748906E-03
-26.0000E-06,+0.0E+00
-25.5000E-06,-5.9653104E-03
-25.0000E-06,+0.0E+00
-24.5000E-06,-6.2246717E-03
-24.0000E-06,+0.0E+00
-23.5000E-06,-2.3342519E-03
-23.0000E-06,-3.6310585E-03
-22.5000E-06,+0.0E+00
-22.0000E-06,+0.0E+00
-21.5000E-06,-2.5936132E-03
-21.0000E-06,-8.0402009E-03
-20.5000E-06,-1.2968066E-03
-20.0000E-06,+0.0E+00
-19.5000E-06,+0.0E+00
-19.0000E-06,-4.9278651E-03
-18.5000E-06,-7.0027556E-03
-18.0000E-06,+0.0E+00
-17.5000E-06,+0.0E+00
-17.0000E-06,-8.0402009E-03
-16.5000E-06,-7.2621170E-03
-16.0000E-06,+0.0E+00
-15.5000E-06,-3.3716972E-03
-15.0000E-06,-5.4465877E-03
-14.5000E-06,-518.7226E-06
-14.0000E-06,+0.0E+00
-13.5000E-06,+0.0E+00
-13.0000E-06,-2.3342519E-03
-12.5000E-06,-8.0402009E-03
-12.0000E-06,+6.2246717E-03
-11.5000E-06,+0.0E+00
-11.0000E-06,-5.9653104E-03
-10.5000E-06,-8.0402009E-03
-10.0000E-06,+2.0748906E-03
-9.5000E-06,-3.8904198E-03
-9.0000E-06,-8.0402009E-03
-8.5000E-06,-8.0402009E-03
-8.0000E-06,+0.0E+00
-7.5000E-06,-4.4091424E-03
-7.0000E-06,+0.0E+00
-6.5000E-06,+0.0E+00
-6.0000E-06,+0.0E+00
-5.5000E-06,-4.6685038E-03
-5.0000E-06,-8.0402009E-03
-4.5000E-06,-7.2621170E-03
-4.0000E-06,+0.0E+00
-3.5000E-06,-8.0402009E-03
-3.0000E-06,-8.0402009E-03
-2.5000E-06,-7.0027556E-03
-2.0000E-06,+0.0E+00
-1.5000E-06,-5.1872264E-03
-1.0000E-06,-8.0402009E-03
-500.0E-09,-343.1350263E-03
-0.0E+00,+162.8789089E-03
+500.0E-09,+93.6294365E-03
+1.0000E-06,+22.5644348E-03
+1.5000E-06,-240.9466662E-03
+2.0000E-06,+158.4697665E-03
+2.5000E-06,-183.6278145E-03
+3.0000E-06,+168.3254967E-03
+3.5000E-06,-198.4114098E-03
+4.0000E-06,+180.2561174E-03
+4.5000E-06,-190.6305702E-03
+5.0000E-06,+176.8844202E-03
+5.5000E-06,-187.2588730E-03
+6.0000E-06,+185.4433438E-03
+6.5000E-06,-194.5209900E-03
+7.0000E-06,+178.4405881E-03
+7.5000E-06,-208.0077786E-03
+8.0000E-06,+182.8497306E-03
+8.5000E-06,-196.3365192E-03
+9.0000E-06,+171.9565551E-03
+9.5000E-06,-205.9328881E-03
+10.0000E-06,+197.6333258E-03
+10.5000E-06,-203.8579975E-03
+11.0000E-06,+187.2588730E-03
+11.5000E-06,-177.4031429E-03
+12.0000E-06,+195.2990739E-03
+12.5000E-06,-179.7373947E-03
+13.0000E-06,+174.0314457E-03
+13.5000E-06,-201.7831069E-03
+14.0000E-06,+179.2186721E-03
+14.5000E-06,-172.9940004E-03
+15.0000E-06,+171.1784712E-03
+15.5000E-06,-195.0397126E-03
+16.0000E-06,+196.0771579E-03
+16.5000E-06,-184.4058985E-03
+17.0000E-06,+197.6333258E-03
+17.5000E-06,-203.0799135E-03
+18.0000E-06,+213.4543663E-03
+18.5000E-06,-192.4460994E-03
+19.0000E-06,+186.7401504E-03
+19.5000E-06,-191.9273768E-03
+20.0000E-06,+182.5903693E-03
+20.5000E-06,-184.9246211E-03
+21.0000E-06,+201.2643843E-03
+21.5000E-06,-193.4835447E-03
+22.0000E-06,+181.2935627E-03
+22.5000E-06,-178.1812268E-03
+23.0000E-06,+194.2616287E-03
+23.5000E-06,-202.5611909E-03
+24.0000E-06,+177.1437815E-03
+24.5000E-06,-181.0342013E-03
+25.0000E-06,+192.4460994E-03
+25.5000E-06,-194.7803513E-03
+26.0000E-06,+182.3310079E-03
+26.5000E-06,-197.6333258E-03
+27.0000E-06,+183.1090919E-03
+27.5000E-06,-207.7484173E-03
+28.0000E-06,+189.8524862E-03
+28.5000E-06,-192.1867381E-03
+29.0000E-06,+181.2935627E-03
+29.5000E-06,-199.9675777E-03
+30.0000E-06,+181.8122853E-03
+30.5000E-06,-183.3684532E-03
+31.0000E-06,+192.9648221E-03
+31.5000E-06,-174.5501683E-03
+32.0000E-06,+198.9301324E-03
+32.5000E-06,-207.2296947E-03
+33.0000E-06,+186.9995117E-03
+33.5000E-06,-185.9620664E-03
+34.0000E-06,+184.4058985E-03
+34.5000E-06,-198.4114098E-03
+35.0000E-06,+192.1867381E-03
+35.5000E-06,-196.5958805E-03
+36.0000E-06,+201.0050230E-03
+36.5000E-06,-193.4835447E-03
+37.0000E-06,+185.7027051E-03
+37.5000E-06,-194.5209900E-03
+38.0000E-06,+178.4405881E-03
+38.5000E-06,-199.9675777E-03
+39.0000E-06,+183.6278145E-03
+39.5000E-06,-201.2643843E-03
+40.0000E-06,+188.0369570E-03
+40.5000E-06,-200.4863003E-03
+41.0000E-06,+180.7748400E-03
+41.5000E-06,-208.0077786E-03
+42.0000E-06,+182.3310079E-03
+42.5000E-06,-191.1492928E-03
+43.0000E-06,+167.5474127E-03
+43.5000E-06,-202.8205522E-03
+44.0000E-06,+197.1146032E-03
+44.5000E-06,-196.8552419E-03
+45.0000E-06,+159.7665731E-03
+45.5000E-06,-197.8926871E-03
+46.0000E-06,+176.6250589E-03
+46.5000E-06,-192.4460994E-03
+47.0000E-06,+188.0369570E-03
+47.5000E-06,-206.9703333E-03
+48.0000E-06,+175.0688910E-03
+48.5000E-06,-196.5958805E-03
+49.0000E-06,+172.2159165E-03
+49.5000E-06,-183.8871759E-03
+50.0000E-06,+194.7803513E-03
+50.5000E-06,-203.8579975E-03
+51.0000E-06,+174.5501683E-03
+51.5000E-06,-217.0854248E-03
+52.0000E-06,+197.1146032E-03
+52.5000E-06,-213.7137277E-03
+53.0000E-06,+198.1520485E-03
+53.5000E-06,-194.2616287E-03
+54.0000E-06,+194.2616287E-03
+54.5000E-06,-197.3739645E-03
+55.0000E-06,+169.1035806E-03
+55.5000E-06,-211.1201145E-03
+56.0000E-06,+178.9593108E-03
+56.5000E-06,-198.9301324E-03
+57.0000E-06,+179.7373947E-03
+57.5000E-06,-209.8233079E-03
+58.0000E-06,+193.4835447E-03
+58.5000E-06,-202.8205522E-03
+59.0000E-06,+201.7831069E-03
+59.5000E-06,-205.1548041E-03
+60.0000E-06,+192.4460994E-03
+60.5000E-06,-202.8205522E-03
+61.0000E-06,+181.0342013E-03
+61.5000E-06,-200.7456617E-03
+62.0000E-06,+191.6680155E-03
+62.5000E-06,-187.7775957E-03
+63.0000E-06,+182.3310079E-03
+63.5000E-06,-187.7775957E-03
+64.0000E-06,+189.8524862E-03
+64.5000E-06,-211.1201145E-03
+65.0000E-06,+176.3656976E-03
+65.5000E-06,-187.7775957E-03
+66.0000E-06,+188.0369570E-03
+66.5000E-06,-208.5265013E-03
+67.0000E-06,+209.0452239E-03
+67.5000E-06,-201.2643843E-03
+68.0000E-06,+197.8926871E-03
+68.5000E-06,-203.5986362E-03
+69.0000E-06,+186.4807891E-03
+69.5000E-06,-186.2214277E-03
+70.0000E-06,+186.4807891E-03
+70.5000E-06,-217.3447861E-03
+71.0000E-06,+170.9191099E-03
+71.5000E-06,-206.1922494E-03
+72.0000E-06,+201.5237456E-03
+72.5000E-06,-205.4141654E-03
+73.0000E-06,+201.7831069E-03
+73.5000E-06,-207.2296947E-03
+74.0000E-06,+190.3712089E-03
+74.5000E-06,-188.8150409E-03
+75.0000E-06,+167.0286901E-03
+75.5000E-06,-189.3337636E-03
+76.0000E-06,+183.8871759E-03
+76.5000E-06,-184.1465372E-03
+77.0000E-06,+176.6250589E-03
+77.5000E-06,-193.7429060E-03
+78.0000E-06,+179.7373947E-03
+78.5000E-06,-197.3739645E-03
+79.0000E-06,+176.6250589E-03
+79.5000E-06,-203.8579975E-03
+80.0000E-06,+173.2533617E-03
+80.5000E-06,-184.4058985E-03
+81.0000E-06,+190.3712089E-03
+81.5000E-06,-188.2963183E-03
+82.0000E-06,+200.4863003E-03
+82.5000E-06,-184.9246211E-03
+83.0000E-06,+179.4780334E-03
+83.5000E-06,-189.8524862E-03
+84.0000E-06,+187.5182343E-03
+84.5000E-06,-217.6041475E-03
+85.0000E-06,+183.8871759E-03
+85.5000E-06,-189.3337636E-03
+86.0000E-06,+188.2963183E-03
+86.5000E-06,-218.6415927E-03
+87.0000E-06,+192.4460994E-03
+87.5000E-06,-182.8497306E-03
+88.0000E-06,+195.8177966E-03
+88.5000E-06,-203.3392749E-03
+89.0000E-06,+183.6278145E-03
+89.5000E-06,-187.2588730E-03
+90.0000E-06,+185.7027051E-03
+90.5000E-06,-214.2324503E-03
+91.0000E-06,+174.5501683E-03
+91.5000E-06,-197.6333258E-03
+92.0000E-06,+166.5099674E-03
+92.5000E-06,-191.4086541E-03
+93.0000E-06,+186.9995117E-03
+93.5000E-06,-196.0771579E-03
+94.0000E-06,+197.3739645E-03
+94.5000E-06,-217.0854248E-03
+95.0000E-06,+195.0397126E-03
+95.5000E-06,-200.7456617E-03
+96.0000E-06,+176.6250589E-03
+96.5000E-06,-187.7775957E-03
+97.0000E-06,+192.1867381E-03
+97.5000E-06,-198.6707711E-03
+98.0000E-06,+201.0050230E-03
+98.5000E-06,-193.4835447E-03
+99.0000E-06,+193.7429060E-03
+99.5000E-06,-193.7429060E-03
+100.0000E-06,+178.6999495E-03
+100.5000E-06,-204.6360815E-03
+101.0000E-06,+185.7027051E-03
+101.5000E-06,-193.2241834E-03
+102.0000E-06,+172.4752778E-03
+102.5000E-06,-192.1867381E-03
+103.0000E-06,+179.4780334E-03
+103.5000E-06,-187.7775957E-03
+104.0000E-06,+196.0771579E-03
+104.5000E-06,-194.0022673E-03
+105.0000E-06,+177.4031429E-03
+105.5000E-06,-195.8177966E-03
+106.0000E-06,+206.1922494E-03
+106.5000E-06,-208.5265013E-03
+107.0000E-06,+173.5127231E-03
+107.5000E-06,-197.1146032E-03
+108.0000E-06,+196.8552419E-03
+108.5000E-06,-207.7484173E-03
+109.0000E-06,+179.9967561E-03
+109.5000E-06,-183.8871759E-03
+110.0000E-06,+194.2616287E-03
+110.5000E-06,-203.0799135E-03
+111.0000E-06,+177.9218655E-03
+111.5000E-06,-199.9675777E-03
+112.0000E-06,+179.7373947E-03
+112.5000E-06,-188.2963183E-03
+113.0000E-06,+188.8150409E-03
+113.5000E-06,-184.9246211E-03
+114.0000E-06,+192.9648221E-03
+114.5000E-06,-205.9328881E-03
+115.0000E-06,+183.1090919E-03
+115.5000E-06,-194.5209900E-03
+116.0000E-06,+191.9273768E-03
+116.5000E-06,-197.3739645E-03
+117.0000E-06,+170.6597485E-03
+117.5000E-06,-187.5182343E-03
+118.0000E-06,+190.1118475E-03
+118.5000E-06,-196.8552419E-03
+119.0000E-06,+175.5876136E-03
+119.5000E-06,-174.2908070E-03
+120.0000E-06,+188.2963183E-03
+120.5000E-06,-190.3712089E-03
+121.0000E-06,+180.7748400E-03
+121.5000E-06,-176.1063363E-03
+122.0000E-06,+185.7027051E-03
+122.5000E-06,-210.3420305E-03
+123.0000E-06,+202.8205522E-03
+123.5000E-06,-196.8552419E-03
+124.0000E-06,+192.9648221E-03
+124.5000E-06,-190.3712089E-03
+125.0000E-06,+150.6889269E-03
+125.5000E-06,+45.1288697E-03
+126.0000E-06,+215.5292569E-03
+126.5000E-06,-283.4819227E-03
+127.0000E-06,+215.7886182E-03
+127.5000E-06,-270.7732180E-03
+128.0000E-06,+229.0160455E-03
+128.5000E-06,-262.7330171E-03
+129.0000E-06,+249.2462285E-03
+129.5000E-06,-237.5749691E-03
+130.0000E-06,+233.4251880E-03
+130.5000E-06,-241.9841115E-03
+131.0000E-06,+234.4626332E-03
+131.5000E-06,-253.9147322E-03
+132.0000E-06,+242.7621955E-03
+132.5000E-06,-241.4653889E-03
+133.0000E-06,+257.8051520E-03
+133.5000E-06,-257.0270681E-03
+134.0000E-06,+247.1713379E-03
+134.5000E-06,-246.6526153E-03
+135.0000E-06,+234.7219946E-03
+135.5000E-06,-242.2434728E-03
+136.0000E-06,+230.0534908E-03
+136.5000E-06,-251.0617577E-03
+137.0000E-06,+222.2726512E-03
+137.5000E-06,-241.9841115E-03
+138.0000E-06,+245.8745313E-03
+138.5000E-06,-247.6900606E-03
+139.0000E-06,+239.6498596E-03
+139.5000E-06,-250.0243124E-03
+140.0000E-06,+230.5722134E-03
+140.5000E-06,-261.6955718E-03
+141.0000E-06,+244.3183634E-03
+141.5000E-06,-247.6900606E-03
+142.0000E-06,+232.9064653E-03
+142.5000E-06,-262.9923784E-03
+143.0000E-06,+236.7968851E-03
+143.5000E-06,-236.2781625E-03
+144.0000E-06,+226.9411550E-03
+144.5000E-06,-241.2060276E-03
+145.0000E-06,+243.2809181E-03
+145.5000E-06,-233.6845493E-03
+146.0000E-06,+216.0479795E-03
+146.5000E-06,-234.9813559E-03
+147.0000E-06,+226.4224323E-03
+147.5000E-06,-237.5749691E-03
+148.0000E-06,+234.9813559E-03
+148.5000E-06,-242.7621955E-03
+149.0000E-06,+224.8662644E-03
+149.5000E-06,-237.0562464E-03
+150.0000E-06,+238.8717757E-03
+150.5000E-06,-252.3585643E-03
+151.0000E-06,+236.0188012E-03
+151.5000E-06,-254.1740936E-03
+152.0000E-06,+224.0881804E-03
+152.5000E-06,-245.3558087E-03
+153.0000E-06,+239.3904983E-03
+153.5000E-06,-237.8343304E-03
+154.0000E-06,+235.7594398E-03
+154.5000E-06,-242.2434728E-03
+155.0000E-06,+243.2809181E-03
+155.5000E-06,-252.0992030E-03
+156.0000E-06,+230.5722134E-03
+156.5000E-06,-252.3585643E-03
+157.0000E-06,+219.1603154E-03
+157.5000E-06,-243.2809181E-03
+158.0000E-06,+232.3877427E-03
+158.5000E-06,-248.4681445E-03
+159.0000E-06,+236.7968851E-03
+159.5000E-06,-242.7621955E-03
+160.0000E-06,+217.0854248E-03
+160.5000E-06,-235.5000785E-03
+161.0000E-06,+225.3849870E-03
+161.5000E-06,-258.0645134E-03
+162.0000E-06,+233.6845493E-03
+162.5000E-06,-235.7594399E-03
+163.0000E-06,+238.3530530E-03
+163.5000E-06,-247.9494219E-03
+164.0000E-06,+242.2434728E-03
+164.5000E-06,-248.7275058E-03
+165.0000E-06,+234.4626332E-03
+165.5000E-06,-242.7621955E-03
+166.0000E-06,+228.2379616E-03
+166.5000E-06,-247.4306992E-03
+167.0000E-06,+232.3877427E-03
+167.5000E-06,-234.9813559E-03
+168.0000E-06,+213.1950050E-03
+168.5000E-06,-252.3585643E-03
+169.0000E-06,+226.9411550E-03
+169.5000E-06,-251.0617577E-03
+170.0000E-06,+229.0160455E-03
+170.5000E-06,-247.9494219E-03
+171.0000E-06,+225.1256257E-03
+171.5000E-06,-232.6471040E-03
+172.0000E-06,+229.7941295E-03
+172.5000E-06,-239.6498596E-03
+173.0000E-06,+237.5749691E-03
+173.5000E-06,-256.2489841E-03
+174.0000E-06,+224.3475418E-03
+174.5000E-06,-264.8079077E-03
+175.0000E-06,+216.8260635E-03
+175.5000E-06,-257.2864294E-03
+176.0000E-06,+209.3045852E-03
+176.5000E-06,-245.6151700E-03
+177.0000E-06,+223.3100965E-03
+177.5000E-06,-242.5028342E-03
+178.0000E-06,+226.4224323E-03
+178.5000E-06,-246.3932540E-03
+179.0000E-06,+210.8607531E-03
+179.5000E-06,-243.2809181E-03
+180.0000E-06,+224.8662644E-03
+180.5000E-06,-253.9147322E-03
+181.0000E-06,+242.7621955E-03
+181.5000E-06,-251.5804804E-03
+182.0000E-06,+202.0424683E-03
+182.5000E-06,-241.7247502E-03
+183.0000E-06,+233.9439106E-03
+183.5000E-06,-252.3585643E-03
+184.0000E-06,+237.5749691E-03
+184.5000E-06,-254.4334549E-03
+185.0000E-06,+237.3156078E-03
+185.5000E-06,-230.3128521E-03
+186.0000E-06,+231.8690200E-03
+186.5000E-06,-246.9119766E-03
+187.0000E-06,+237.5749691E-03
+187.5000E-06,-247.4306992E-03
+188.0000E-06,+219.1603154E-03
+188.5000E-06,-261.6955718E-03
+189.0000E-06,+223.8288191E-03
+189.5000E-06,-260.9174879E-03
+190.0000E-06,+224.8662644E-03
+190.5000E-06,-253.1366483E-03
+191.0000E-06,+209.0452239E-03
+191.5000E-06,-255.4709002E-03
+192.0000E-06,+221.4945673E-03
+192.5000E-06,-246.3932540E-03
+193.0000E-06,+241.7247502E-03
+193.5000E-06,-258.5832360E-03
+194.0000E-06,+210.6013918E-03
+194.5000E-06,-234.9813559E-03
+195.0000E-06,+212.1575597E-03
+195.5000E-06,-257.0270681E-03
+196.0000E-06,+227.7192389E-03
+196.5000E-06,-261.6955719E-03
+197.0000E-06,+227.4598776E-03
+197.5000E-06,-260.6581266E-03
+198.0000E-06,+209.5639465E-03
+198.5000E-06,-261.1768492E-03
+199.0000E-06,+214.2324503E-03
+199.5000E-06,-252.3585643E-03
+200.0000E-06,+229.2754069E-03
+200.5000E-06,-246.9119766E-03
+201.0000E-06,+214.2324503E-03
+201.5000E-06,-255.9896228E-03
+202.0000E-06,+215.0105343E-03
+202.5000E-06,-256.2489841E-03
+203.0000E-06,+208.7858626E-03
+203.5000E-06,-246.9119766E-03
+204.0000E-06,+231.8690201E-03
+204.5000E-06,-255.9896228E-03
+205.0000E-06,+236.7968851E-03
+205.5000E-06,-260.9174879E-03
+206.0000E-06,+204.8954428E-03
+206.5000E-06,-241.2060276E-03
+207.0000E-06,+211.3794758E-03
+207.5000E-06,-245.6151700E-03
+208.0000E-06,+209.8233079E-03
+208.5000E-06,-241.9841115E-03
+209.0000E-06,+206.9703333E-03
+209.5000E-06,-250.8023964E-03
+210.0000E-06,+215.7886182E-03
+210.5000E-06,-258.3238747E-03
+211.0000E-06,+222.0132899E-03
+211.5000E-06,-249.7649511E-03
+212.0000E-06,+222.7913739E-03
+212.5000E-06,-253.9147323E-03
+213.0000E-06,+218.1228701E-03
+213.5000E-06,-259.6206813E-03
+214.0000E-06,+213.9730890E-03
+214.5000E-06,-259.3613200E-03
+215.0000E-06,+226.4224323E-03
+215.5000E-06,-253.9147322E-03
+216.0000E-06,+233.4251880E-03
+216.5000E-06,-254.4334549E-03
+217.0000E-06,+235.2407172E-03
+217.5000E-06,-263.2517398E-03
+218.0000E-06,+223.5694578E-03
+218.5000E-06,-255.4709002E-03
+219.0000E-06,+218.3822314E-03
+219.5000E-06,-250.2836738E-03
+220.0000E-06,+223.3100965E-03
+220.5000E-06,-240.4279436E-03
+221.0000E-06,+212.6762824E-03
+221.5000E-06,-258.8425973E-03
+222.0000E-06,+233.1658266E-03
+222.5000E-06,-245.6151700E-03
+223.0000E-06,+205.6735267E-03
+223.5000E-06,-255.4709002E-03
+224.0000E-06,+210.3420305E-03
+224.5000E-06,-255.2115389E-03
+225.0000E-06,+226.6817937E-03
+225.5000E-06,-255.9896228E-03
+226.0000E-06,+204.1173588E-03
+226.5000E-06,-259.6206813E-03
+227.0000E-06,+211.6388371E-03
+227.5000E-06,-242.7621955E-03
+228.0000E-06,+196.8552419E-03
+228.5000E-06,-268.6983275E-03
+229.0000E-06,+228.7566842E-03
+229.5000E-06,-272.0700247E-03
+230.0000E-06,+207.2296947E-03
+230.5000E-06,-274.6636378E-03
+231.0000E-06,+237.8343304E-03
+231.5000E-06,-269.4764114E-03
+232.0000E-06,+208.7858626E-03
+232.5000E-06,-256.7677068E-03
+233.0000E-06,+222.5320125E-03
+233.5000E-06,-240.1685823E-03
+234.0000E-06,+203.8579975E-03
+234.5000E-06,-264.5485464E-03
+235.0000E-06,+227.2005163E-03
+235.5000E-06,-256.7677068E-03
+236.0000E-06,+216.3073409E-03
+236.5000E-06,-252.8772870E-03
+237.0000E-06,+229.0160455E-03
+237.5000E-06,-273.3668312E-03
+238.0000E-06,+209.3045852E-03
+238.5000E-06,-266.1047143E-03
+239.0000E-06,+215.2698956E-03
+239.5000E-06,-266.1047143E-03
+240.0000E-06,+196.5958805E-03
+240.5000E-06,-258.8425973E-03
+241.0000E-06,+217.3447861E-03
+241.5000E-06,-266.8827982E-03
+242.0000E-06,+222.0132899E-03
+242.5000E-06,-279.3321416E-03
+243.0000E-06,+226.6817937E-03
+243.5000E-06,-276.4791671E-03
+244.0000E-06,+196.3365192E-03
+244.5000E-06,-249.7649511E-03
+245.0000E-06,+205.9328881E-03
+245.5000E-06,-267.4015209E-03
+246.0000E-06,+200.4863003E-03
+246.5000E-06,-253.9147323E-03
+247.0000E-06,+212.4169211E-03
+247.5000E-06,-261.1768492E-03
+248.0000E-06,+206.4516107E-03
+248.5000E-06,-268.6983275E-03
+249.0000E-06,+208.0077786E-03
+249.5000E-06,-265.0672690E-03
+250.0000E-06,+202.3018296E-03
+250.5000E-06,-247.9494219E-03
+251.0000E-06,+231.8690201E-03
+251.5000E-06,-270.7732180E-03
+252.0000E-06,+217.0854248E-03
+252.5000E-06,-265.0672690E-03
+253.0000E-06,+225.1256257E-03
+253.5000E-06,-251.5804804E-03
+254.0000E-06,+209.5639465E-03
+254.5000E-06,-274.1449152E-03
+255.0000E-06,+233.4251880E-03
+255.5000E-06,-272.3293860E-03
+256.0000E-06,+215.0105343E-03
+256.5000E-06,-262.2142945E-03
+257.0000E-06,+233.6845493E-03
+257.5000E-06,-257.0270681E-03
+258.0000E-06,+219.6790380E-03
+258.5000E-06,-271.0325794E-03
+259.0000E-06,+220.1977607E-03
+259.5000E-06,-253.1366483E-03
+260.0000E-06,+225.6443484E-03
+260.5000E-06,-261.1768492E-03
+261.0000E-06,+220.1977607E-03
+261.5000E-06,-269.7357728E-03
+262.0000E-06,+218.3822314E-03
+262.5000E-06,-245.3558087E-03
+263.0000E-06,+207.4890560E-03
+263.5000E-06,-275.4417218E-03
+264.0000E-06,+217.6041475E-03
+264.5000E-06,-255.7302615E-03
+265.0000E-06,+221.7539286E-03
+265.5000E-06,-271.8106633E-03
+266.0000E-06,+211.1201145E-03
+266.5000E-06,-264.2891851E-03
+267.0000E-06,+218.9009541E-03
+267.5000E-06,-256.7677068E-03
+268.0000E-06,+204.6360815E-03
+268.5000E-06,-257.2864294E-03
+269.0000E-06,+231.3502974E-03
+269.5000E-06,-253.9147323E-03
+270.0000E-06,+211.6388371E-03
+270.5000E-06,-250.5430351E-03
+271.0000E-06,+227.4598776E-03
+271.5000E-06,-262.4736558E-03
+272.0000E-06,+220.7164833E-03
+272.5000E-06,-274.4042765E-03
+273.0000E-06,+208.5265013E-03
+273.5000E-06,-267.1421596E-03
+274.0000E-06,+232.1283814E-03
+274.5000E-06,-266.8827982E-03
+275.0000E-06,+210.0826692E-03
+275.5000E-06,-272.0700246E-03
+276.0000E-06,+213.9730890E-03
+276.5000E-06,-276.4791671E-03
+277.0000E-06,+232.6471040E-03
+277.5000E-06,-256.2489841E-03
+278.0000E-06,+234.9813559E-03
+278.5000E-06,-270.5138567E-03
+279.0000E-06,+213.1950050E-03
+279.5000E-06,-260.1394039E-03
+280.0000E-06,+200.4863003E-03
+280.5000E-06,-274.9229992E-03
+281.0000E-06,+222.0132899E-03
+281.5000E-06,-264.0298237E-03
+282.0000E-06,+223.0507352E-03
+282.5000E-06,-256.5083455E-03
+283.0000E-06,+220.1977607E-03
+283.5000E-06,-262.9923785E-03
+284.0000E-06,+209.0452239E-03
+284.5000E-06,-253.6553709E-03
+285.0000E-06,+221.4945673E-03
+285.5000E-06,-259.8800426E-03
+286.0000E-06,+209.8233079E-03
+286.5000E-06,-256.2489841E-03
+287.0000E-06,+223.0507352E-03
+287.5000E-06,-267.1421596E-03
+288.0000E-06,+233.1658266E-03
+288.5000E-06,-270.5138567E-03
+289.0000E-06,+227.7192389E-03
+289.5000E-06,-274.9229992E-03
+290.0000E-06,+234.7219946E-03
+290.5000E-06,-265.8453530E-03
+291.0000E-06,+224.3475418E-03
+291.5000E-06,-268.1796049E-03
+292.0000E-06,+229.2754069E-03
+292.5000E-06,-245.6151700E-03
+293.0000E-06,+216.0479795E-03
+293.5000E-06,-247.6900606E-03
+294.0000E-06,+227.7192389E-03
+294.5000E-06,-262.7330171E-03
+295.0000E-06,+211.8981984E-03
+295.5000E-06,-264.2891850E-03
+296.0000E-06,+210.3420305E-03
+296.5000E-06,-262.9923785E-03
+297.0000E-06,+224.8662644E-03
+297.5000E-06,-264.8079077E-03
+298.0000E-06,+213.7137277E-03
+298.5000E-06,-272.8481086E-03
+299.0000E-06,+228.7566842E-03
+299.5000E-06,-249.2462285E-03
+300.0000E-06,+213.4543663E-03
+300.5000E-06,-254.1740936E-03
+301.0000E-06,+211.6388371E-03
+301.5000E-06,-266.6234369E-03
+302.0000E-06,+209.3045852E-03
+302.5000E-06,-267.6608822E-03
+303.0000E-06,+225.3849871E-03
+303.5000E-06,-252.3585643E-03
+304.0000E-06,+222.2726512E-03
+304.5000E-06,-267.9202435E-03
+305.0000E-06,+227.9786003E-03
+305.5000E-06,-261.9549332E-03
+306.0000E-06,+218.1228701E-03
+306.5000E-06,-267.1421596E-03
+307.0000E-06,+215.0105343E-03
+307.5000E-06,-254.4334549E-03
+308.0000E-06,+226.4224323E-03
+308.5000E-06,-259.1019587E-03
+309.0000E-06,+222.7913739E-03
+309.5000E-06,-254.4334549E-03
+310.0000E-06,+222.5320125E-03
+310.5000E-06,-265.5859917E-03
+311.0000E-06,+231.0909361E-03
+311.5000E-06,-273.1074699E-03
+312.0000E-06,+227.9786003E-03
+312.5000E-06,-253.6553709E-03
+313.0000E-06,+216.3073409E-03
+313.5000E-06,-273.3668312E-03
+314.0000E-06,+220.4571220E-03
+314.5000E-06,-253.1366483E-03
+315.0000E-06,+217.0854248E-03
+315.5000E-06,-265.5859917E-03
+316.0000E-06,+221.7539286E-03
+316.5000E-06,-268.6983275E-03
+317.0000E-06,+225.6443484E-03
+317.5000E-06,-264.2891851E-03
+318.0000E-06,+223.0507352E-03
+318.5000E-06,-267.1421596E-03
+319.0000E-06,+226.1630710E-03
+319.5000E-06,-254.1740936E-03
+320.0000E-06,+219.6790380E-03
+320.5000E-06,-253.3960096E-03
+321.0000E-06,+220.9758446E-03
+321.5000E-06,-273.8855539E-03
+322.0000E-06,+214.4918116E-03
+322.5000E-06,-269.2170501E-03
+323.0000E-06,+212.1575597E-03
+323.5000E-06,-267.9202435E-03
+324.0000E-06,+221.7539286E-03
+324.5000E-06,-270.2544954E-03
+325.0000E-06,+230.3128521E-03
+325.5000E-06,-275.4417218E-03
+326.0000E-06,+215.0105343E-03
+326.5000E-06,-270.2544954E-03
+327.0000E-06,+228.2379616E-03
+327.5000E-06,-264.5485464E-03
+328.0000E-06,+231.8690201E-03
+328.5000E-06,-271.5513020E-03
+329.0000E-06,+211.8981984E-03
+329.5000E-06,-268.6983275E-03
+330.0000E-06,+222.7913739E-03
+330.5000E-06,-265.3266303E-03
+331.0000E-06,+213.4543663E-03
+331.5000E-06,-261.6955719E-03
+332.0000E-06,+240.1685823E-03
+332.5000E-06,-266.3640756E-03
+333.0000E-06,+240.1685823E-03
+333.5000E-06,-262.4736558E-03
+334.0000E-06,+226.9411550E-03
+334.5000E-06,-251.8398417E-03
+335.0000E-06,+230.0534908E-03
+335.5000E-06,-253.9147322E-03
+336.0000E-06,+217.3447861E-03
+336.5000E-06,-259.6206813E-03
+337.0000E-06,+210.0826692E-03
+337.5000E-06,-267.6608822E-03
+338.0000E-06,+227.9786003E-03
+338.5000E-06,-267.4015209E-03
+339.0000E-06,+214.7511729E-03
+339.5000E-06,-259.6206813E-03
+340.0000E-06,+221.2352059E-03
+340.5000E-06,-262.4736558E-03
+341.0000E-06,+233.9439106E-03
+341.5000E-06,-252.0992030E-03
+342.0000E-06,+222.0132899E-03
+342.5000E-06,-248.9868672E-03
+343.0000E-06,+219.1603154E-03
+343.5000E-06,-266.3640756E-03
+344.0000E-06,+239.1311370E-03
+344.5000E-06,-252.0992030E-03
+345.0000E-06,+224.3475418E-03
+345.5000E-06,-251.0617577E-03
+346.0000E-06,+233.1658267E-03
+346.5000E-06,-245.6151700E-03
+347.0000E-06,+233.6845493E-03
+347.5000E-06,-249.2462285E-03
+348.0000E-06,+210.3420305E-03
+348.5000E-06,-266.6234369E-03
+349.0000E-06,+225.9037097E-03
+349.5000E-06,-275.1823605E-03
+350.0000E-06,+211.6388371E-03
+350.5000E-06,-265.0672690E-03
+351.0000E-06,+217.6041475E-03
+351.5000E-06,-268.1796049E-03
+352.0000E-06,+207.2296947E-03
+352.5000E-06,-266.3640756E-03
+353.0000E-06,+231.8690201E-03
+353.5000E-06,-277.2572511E-03
+354.0000E-06,+222.2726512E-03
+354.5000E-06,-256.7677068E-03
+355.0000E-06,+210.8607531E-03
+355.5000E-06,-281.6663935E-03
+356.0000E-06,+208.7858626E-03
+356.5000E-06,-260.1394039E-03
+357.0000E-06,+233.4251880E-03
+357.5000E-06,-256.7677068E-03
+358.0000E-06,+208.7858626E-03
+358.5000E-06,-255.7302615E-03
+359.0000E-06,+215.7886182E-03
+359.5000E-06,-272.3293860E-03
+360.0000E-06,+224.3475418E-03
+360.5000E-06,-256.2489841E-03
+361.0000E-06,+240.9466663E-03
+361.5000E-06,-265.3266303E-03
+362.0000E-06,+219.4196767E-03
+362.5000E-06,-265.5859916E-03
+363.0000E-06,+227.7192389E-03
+363.5000E-06,-266.3640756E-03
+364.0000E-06,+226.4224323E-03
+364.5000E-06,-258.8425973E-03
+365.0000E-06,+228.4973229E-03
+365.5000E-06,-259.8800426E-03
+366.0000E-06,+216.5667022E-03
+366.5000E-06,-267.9202435E-03
+367.0000E-06,+213.1950050E-03
+367.5000E-06,-261.9549332E-03
+368.0000E-06,+230.8315748E-03
+368.5000E-06,-273.8855539E-03
+369.0000E-06,+237.0562465E-03
+369.5000E-06,-255.4709002E-03
+370.0000E-06,+244.3183634E-03
+370.5000E-06,-251.0617577E-03
+371.0000E-06,+223.5694578E-03
+371.5000E-06,-254.4334549E-03
+372.0000E-06,+233.1658266E-03
+372.5000E-06,-262.7330171E-03
+373.0000E-06,+229.5347682E-03
+373.5000E-06,-268.4389662E-03
+374.0000E-06,+219.1603154E-03
+374.5000E-06,-264.0298237E-03
+375.0000E-06,+216.0479795E-03
+375.5000E-06,-258.3238747E-03
+376.0000E-06,+224.6069031E-03
+376.5000E-06,-260.9174879E-03
+377.0000E-06,+217.0854248E-03
+377.5000E-06,-259.6206813E-03
+378.0000E-06,+221.7539286E-03
+378.5000E-06,-266.1047143E-03
+379.0000E-06,+241.2060276E-03
+379.5000E-06,-272.3293860E-03
+380.0000E-06,+227.4598776E-03
+380.5000E-06,-260.6581266E-03
+381.0000E-06,+226.6817937E-03
+381.5000E-06,-259.6206813E-03
+382.0000E-06,+229.7941295E-03
+382.5000E-06,-266.8827983E-03
+383.0000E-06,+213.7137277E-03
+383.5000E-06,-247.4306993E-03
+384.0000E-06,+231.8690201E-03
+384.5000E-06,-254.1740936E-03
+385.0000E-06,+221.2352059E-03
+385.5000E-06,-282.7038388E-03
+386.0000E-06,+237.8343304E-03
+386.5000E-06,-276.7385284E-03
+387.0000E-06,+208.7858626E-03
+387.5000E-06,-258.0645134E-03
+388.0000E-06,+230.8315748E-03
+388.5000E-06,-278.2946963E-03
+389.0000E-06,+229.7941295E-03
+389.5000E-06,-268.9576888E-03
+390.0000E-06,+210.0826692E-03
+390.5000E-06,-264.0298237E-03
+391.0000E-06,+232.3877427E-03
+391.5000E-06,-268.6983275E-03
+392.0000E-06,+212.9356437E-03
+392.5000E-06,-249.2462285E-03
+393.0000E-06,+231.3502974E-03
+393.5000E-06,-265.8453530E-03
+394.0000E-06,+232.1283814E-03
+394.5000E-06,-273.8855539E-03
+395.0000E-06,+218.3822314E-03
+395.5000E-06,-259.6206813E-03
+396.0000E-06,+234.9813559E-03
+396.5000E-06,-273.3668312E-03
+397.0000E-06,+219.4196767E-03
+397.5000E-06,-264.5485464E-03
+398.0000E-06,+217.0854248E-03
+398.5000E-06,-267.6608822E-03
+399.0000E-06,+222.7913739E-03
+399.5000E-06,-265.8453530E-03
+400.0000E-06,+237.0562465E-03
+400.5000E-06,-274.4042765E-03
+401.0000E-06,+221.4945673E-03
+401.5000E-06,-272.8481086E-03
+402.0000E-06,+237.3156078E-03
+402.5000E-06,-247.6900606E-03
+403.0000E-06,+222.5320125E-03
+403.5000E-06,-249.5055898E-03
+404.0000E-06,+245.6151700E-03
+404.5000E-06,-261.9549332E-03
+405.0000E-06,+223.5694578E-03
+405.5000E-06,-268.6983275E-03
+406.0000E-06,+240.1685823E-03
+406.5000E-06,-250.2836738E-03
+407.0000E-06,+236.7968851E-03
+407.5000E-06,-262.9923785E-03
+408.0000E-06,+225.1256257E-03
+408.5000E-06,-253.6553709E-03
+409.0000E-06,+209.5639465E-03
+409.5000E-06,-269.7357728E-03
+410.0000E-06,+218.6415928E-03
+410.5000E-06,-272.3293860E-03
+411.0000E-06,+223.0507352E-03
+411.5000E-06,-268.9576888E-03
+412.0000E-06,+234.2032719E-03
+412.5000E-06,-251.5804804E-03
+413.0000E-06,+229.0160455E-03
+413.5000E-06,-264.2891851E-03
+414.0000E-06,+227.4598776E-03
+414.5000E-06,-258.3238747E-03
+415.0000E-06,+230.0534908E-03
+415.5000E-06,-263.2517398E-03
+416.0000E-06,+244.3183634E-03
+416.5000E-06,-256.7677068E-03
+417.0000E-06,+232.6471040E-03
+417.5000E-06,-254.9521775E-03
+418.0000E-06,+231.6096587E-03
+418.5000E-06,-254.6928162E-03
+419.0000E-06,+225.6443484E-03
+419.5000E-06,-278.8134190E-03
+420.0000E-06,+232.9064653E-03
+420.5000E-06,-263.7704624E-03
+421.0000E-06,+231.8690201E-03
+421.5000E-06,-263.7704624E-03
+422.0000E-06,+228.7566842E-03
+422.5000E-06,-248.7275059E-03
+423.0000E-06,+238.8717757E-03
+423.5000E-06,-249.2462285E-03
+424.0000E-06,+233.4251880E-03
+424.5000E-06,-258.3238747E-03
+425.0000E-06,+240.1685823E-03
+425.5000E-06,-273.8855539E-03
+426.0000E-06,+226.4224323E-03
+426.5000E-06,-253.6553709E-03
+427.0000E-06,+236.5375238E-03
+427.5000E-06,-281.9257548E-03
+428.0000E-06,+230.0534908E-03
+428.5000E-06,-264.5485464E-03
+429.0000E-06,+229.2754069E-03
+429.5000E-06,-260.3987653E-03
+430.0000E-06,+244.0590021E-03
+430.5000E-06,-268.9576888E-03
+431.0000E-06,+225.9037097E-03
+431.5000E-06,-254.4334549E-03
+432.0000E-06,+229.5347682E-03
+432.5000E-06,-248.7275059E-03
+433.0000E-06,+227.7192390E-03
+433.5000E-06,-269.2170501E-03
+434.0000E-06,+231.8690201E-03
+434.5000E-06,-271.0325794E-03
+435.0000E-06,+216.0479795E-03
+435.5000E-06,-261.9549332E-03
+436.0000E-06,+247.6900606E-03
+436.5000E-06,-261.6955719E-03
+437.0000E-06,+223.5694578E-03
+437.5000E-06,-264.5485464E-03
+438.0000E-06,+236.7968851E-03
+438.5000E-06,-246.9119766E-03
+439.0000E-06,+241.2060276E-03
+439.5000E-06,-265.5859917E-03
+440.0000E-06,+221.7539286E-03
+440.5000E-06,-250.0243125E-03
+441.0000E-06,+233.4251880E-03
+441.5000E-06,-261.9549332E-03
+442.0000E-06,+223.0507352E-03
+442.5000E-06,-280.1102256E-03
+443.0000E-06,+242.7621955E-03
+443.5000E-06,-275.7010831E-03
+444.0000E-06,+241.7247502E-03
+444.5000E-06,-273.6261926E-03
+445.0000E-06,+235.5000785E-03
+445.5000E-06,-252.6179257E-03
+446.0000E-06,+230.5722135E-03
+446.5000E-06,-284.2600067E-03
+447.0000E-06,+229.2754069E-03
+447.5000E-06,-268.4389662E-03
+448.0000E-06,+230.3128521E-03
+448.5000E-06,-279.0727803E-03
+449.0000E-06,+235.7594399E-03
+449.5000E-06,-272.8481086E-03
+450.0000E-06,+236.0188012E-03
+450.5000E-06,-271.2919407E-03
+451.0000E-06,+224.8662644E-03
+451.5000E-06,-262.9923785E-03
+452.0000E-06,+240.9466663E-03
+452.5000E-06,-271.8106633E-03
+453.0000E-06,+224.3475418E-03
+453.5000E-06,-272.5887473E-03
+454.0000E-06,+237.0562465E-03
+454.5000E-06,-249.2462285E-03
+455.0000E-06,+239.3904983E-03
+455.5000E-06,-253.6553709E-03
+456.0000E-06,+237.5749691E-03
+456.5000E-06,-251.0617578E-03
+457.0000E-06,+228.7566842E-03
+457.5000E-06,-258.8425973E-03
+458.0000E-06,+218.9009541E-03
+458.5000E-06,-282.9632001E-03
+459.0000E-06,+227.4598776E-03
+459.5000E-06,-275.9604445E-03
+460.0000E-06,+229.2754069E-03
+460.5000E-06,-274.9229992E-03
+461.0000E-06,+233.6845493E-03
+461.5000E-06,-244.8370861E-03
+462.0000E-06,+226.9411550E-03
+462.5000E-06,-260.3987653E-03
+463.0000E-06,+234.4626333E-03
+463.5000E-06,-272.3293860E-03
+464.0000E-06,+236.5375238E-03
+464.5000E-06,-275.9604445E-03
+465.0000E-06,+230.5722135E-03
+465.5000E-06,-257.5457907E-03
+466.0000E-06,+246.1338927E-03
+466.5000E-06,-258.5832360E-03
+467.0000E-06,+231.6096587E-03
+467.5000E-06,-265.0672690E-03
+468.0000E-06,+232.6471040E-03
+468.5000E-06,-264.5485464E-03
+469.0000E-06,+216.5667022E-03
+469.5000E-06,-275.1823605E-03
+470.0000E-06,+249.2462285E-03
+470.5000E-06,-275.7010831E-03
+471.0000E-06,+213.7137277E-03
+471.5000E-06,-253.6553709E-03
+472.0000E-06,+218.6415928E-03
+472.5000E-06,-260.9174879E-03
+473.0000E-06,+227.4598776E-03
+473.5000E-06,-281.6663935E-03
+474.0000E-06,+234.2032719E-03
+474.5000E-06,-270.2544954E-03
+475.0000E-06,+211.6388371E-03
+475.5000E-06,-276.2198058E-03
+476.0000E-06,+236.2781625E-03
+476.5000E-06,-276.7385284E-03
+477.0000E-06,+225.6443484E-03
+477.5000E-06,-266.1047143E-03
+478.0000E-06,+235.2407172E-03
+478.5000E-06,-277.7759737E-03
+479.0000E-06,+232.6471040E-03
+479.5000E-06,-267.9202436E-03
+480.0000E-06,+237.0562465E-03
+480.5000E-06,-267.4015209E-03
+481.0000E-06,+222.7913739E-03
+481.5000E-06,-278.2946963E-03
+482.0000E-06,+229.7941295E-03
+482.5000E-06,-271.0325794E-03
+483.0000E-06,+228.4973229E-03
+483.5000E-06,-279.5915030E-03
+484.0000E-06,+236.7968851E-03
+484.5000E-06,-269.2170501E-03
+485.0000E-06,+230.8315748E-03
+485.5000E-06,-257.2864294E-03
+486.0000E-06,+217.3447861E-03
+486.5000E-06,-265.5859917E-03
+487.0000E-06,+233.9439106E-03
+487.5000E-06,-258.5832360E-03
+488.0000E-06,+236.7968851E-03
+488.5000E-06,-258.8425973E-03
+489.0000E-06,+228.4973229E-03
+489.5000E-06,-252.3585644E-03
+490.0000E-06,+230.3128521E-03
+490.5000E-06,-269.2170501E-03
+491.0000E-06,+237.3156078E-03
+491.5000E-06,-252.3585643E-03
+492.0000E-06,+429.5023459E-03
+492.5000E-06,-463.2193175E-03
+493.0000E-06,+440.1361600E-03
+493.5000E-06,-475.4092995E-03
+494.0000E-06,+448.4357222E-03
+494.5000E-06,-479.5590806E-03
+495.0000E-06,+440.6548826E-03
+495.5000E-06,-468.9252665E-03
+496.0000E-06,+432.8740430E-03
+496.5000E-06,-471.7782410E-03
+497.0000E-06,+441.1736053E-03
+497.5000E-06,-475.9280221E-03
+498.0000E-06,+433.3927657E-03
+498.5000E-06,-480.0778033E-03
+499.0000E-06,+433.9114883E-03
+499.5000E-06,-476.1873835E-03
+500.0000E-06,+441.9516892E-03
+500.5000E-06,-478.2622740E-03
+501.0000E-06,+450.2512515E-03
+501.5000E-06,-476.4467448E-03
+502.0000E-06,+446.3608317E-03
+502.5000E-06,-472.5563250E-03
+503.0000E-06,+442.4704119E-03
+503.5000E-06,-468.6659052E-03
+504.0000E-06,+438.5799921E-03
+504.5000E-06,-485.7837523E-03
+505.0000E-06,+442.7297732E-03
+505.5000E-06,-466.0722920E-03
+506.0000E-06,+442.2110505E-03
+506.5000E-06,-479.8184419E-03
+507.0000E-06,+442.9891345E-03
+507.5000E-06,-469.1846278E-03
+508.0000E-06,+432.8740430E-03
+508.5000E-06,-486.3024749E-03
+509.0000E-06,+450.2512515E-03
+509.5000E-06,-467.6284599E-03
+510.0000E-06,+436.5051015E-03
+510.5000E-06,-480.0778033E-03
+511.0000E-06,+451.5480581E-03
+511.5000E-06,-473.0750476E-03
+512.0000E-06,+445.0640251E-03
+512.5000E-06,-488.3773655E-03
+513.0000E-06,+445.3233864E-03
+513.5000E-06,-473.5937703E-03
+514.0000E-06,+439.8767987E-03
+514.5000E-06,-474.3718542E-03
+515.0000E-06,+450.2512515E-03
+515.5000E-06,-470.2220731E-03
+516.0000E-06,+440.1361600E-03
+516.5000E-06,-482.4120551E-03
+517.0000E-06,+442.2110505E-03
+517.5000E-06,-462.7005948E-03
+518.0000E-06,+446.6201930E-03
+518.5000E-06,-474.6312155E-03
+519.0000E-06,+438.8393534E-03
+519.5000E-06,-467.1097373E-03
+520.0000E-06,+440.6548826E-03
+520.5000E-06,-482.4120551E-03
+521.0000E-06,+449.9918901E-03
+521.5000E-06,-467.6284599E-03
+522.0000E-06,+446.3608317E-03
+522.5000E-06,-482.4120551E-03
+523.0000E-06,+450.7699741E-03
+523.5000E-06,-476.1873835E-03
+524.0000E-06,+441.1736053E-03
+524.5000E-06,-468.4065439E-03
+525.0000E-06,+453.3635873E-03
+525.5000E-06,-471.0001571E-03
+526.0000E-06,+441.4329666E-03
+526.5000E-06,-475.6686608E-03
+527.0000E-06,+453.6229486E-03
+527.5000E-06,-471.7782410E-03
+528.0000E-06,+441.6923279E-03
+528.5000E-06,-462.9599561E-03
+529.0000E-06,+453.8823099E-03
+529.5000E-06,-469.7033505E-03
+530.0000E-06,+441.9516892E-03
+530.5000E-06,-469.9627118E-03
+531.0000E-06,+445.8421090E-03
+531.5000E-06,-464.2567627E-03
+532.0000E-06,+442.2110505E-03
+532.5000E-06,-476.4467448E-03
+533.0000E-06,+446.6201930E-03
+533.5000E-06,-470.7407957E-03
+534.0000E-06,+442.4704119E-03
+534.5000E-06,-479.0403580E-03
+535.0000E-06,+447.3982769E-03
+535.5000E-06,-469.7033505E-03
+536.0000E-06,+442.7297732E-03
+536.5000E-06,-485.0056683E-03
+537.0000E-06,+443.5078571E-03
+537.5000E-06,-470.4814344E-03
+538.0000E-06,+450.2512515E-03
+538.5000E-06,-479.5590806E-03
+539.0000E-06,+447.1389156E-03
+539.5000E-06,-472.2969637E-03
+540.0000E-06,+437.2831855E-03
+540.5000E-06,-477.4841901E-03
+541.0000E-06,+449.7325288E-03
+541.5000E-06,-472.8156863E-03
+542.0000E-06,+450.2512515E-03
+542.5000E-06,-477.7435514E-03
+543.0000E-06,+445.0640251E-03
+543.5000E-06,-479.8184419E-03
+544.0000E-06,+450.2512515E-03
+544.5000E-06,-474.3718542E-03
+545.0000E-06,+447.9169996E-03
+545.5000E-06,-473.5937703E-03
+546.0000E-06,+444.0265798E-03
+546.5000E-06,-478.0029127E-03
+547.0000E-06,+448.1763609E-03
+547.5000E-06,-466.3316533E-03
+548.0000E-06,+440.3955213E-03
+548.5000E-06,-474.6312155E-03
+549.0000E-06,+452.8448647E-03
+549.5000E-06,-474.3718542E-03
+550.0000E-06,+446.8795543E-03
+550.5000E-06,-478.7809967E-03
+551.0000E-06,+448.6950835E-03
+551.5000E-06,-467.3690986E-03
+552.0000E-06,+450.2512515E-03
+552.5000E-06,-467.6284599E-03
+553.0000E-06,+448.9544449E-03
+553.5000E-06,-475.1499382E-03
+554.0000E-06,+445.0640251E-03
+554.5000E-06,-474.3718542E-03
+555.0000E-06,+441.1736053E-03
+555.5000E-06,-475.4092995E-03
+556.0000E-06,+435.4676562E-03
+556.5000E-06,-479.0403580E-03
+557.0000E-06,+448.6950835E-03
+557.5000E-06,-474.3718542E-03
+558.0000E-06,+445.5827477E-03
+558.5000E-06,-477.2248287E-03
+559.0000E-06,+449.7325288E-03
+559.5000E-06,-469.4439891E-03
+560.0000E-06,+441.4329666E-03
+560.5000E-06,-477.7435514E-03
+561.0000E-06,+449.7325288E-03
+561.5000E-06,-474.3718542E-03
+562.0000E-06,+446.1014703E-03
+562.5000E-06,-478.2622740E-03
+563.0000E-06,+450.2512515E-03
+563.5000E-06,-470.4814344E-03
+564.0000E-06,+442.4704119E-03
+564.5000E-06,-474.3718542E-03
+565.0000E-06,+450.7699741E-03
+565.5000E-06,-467.6284599E-03
+566.0000E-06,+439.3580760E-03
+566.5000E-06,-479.2997193E-03
+567.0000E-06,+457.7727297E-03
+567.5000E-06,-476.9654674E-03
+568.0000E-06,+440.1361600E-03
+568.5000E-06,-466.3316533E-03
+569.0000E-06,+451.8074194E-03
+569.5000E-06,-480.0778033E-03
+570.0000E-06,+440.9142439E-03
+570.5000E-06,-473.3344089E-03
+571.0000E-06,+444.2859411E-03
+571.5000E-06,-477.4841901E-03
+572.0000E-06,+444.5453024E-03
+572.5000E-06,-463.9974014E-03
+573.0000E-06,+451.5480581E-03
+573.5000E-06,-477.7435514E-03
+574.0000E-06,+439.6174373E-03
+574.5000E-06,-481.3746099E-03
+575.0000E-06,+451.8074194E-03
+575.5000E-06,-478.0029127E-03
+576.0000E-06,+445.5827477E-03
+576.5000E-06,-474.1124929E-03
+577.0000E-06,+452.0667807E-03
+577.5000E-06,-474.1124929E-03
+578.0000E-06,+440.1361600E-03
+578.5000E-06,-474.3718542E-03
+579.0000E-06,+458.2914524E-03
+579.5000E-06,-482.6714165E-03
+580.0000E-06,+446.6201930E-03
+580.5000E-06,-466.8503759E-03
+581.0000E-06,+452.5855033E-03
+581.5000E-06,-478.7809967E-03
+582.0000E-06,+439.0987147E-03
+582.5000E-06,-474.8905769E-03
+583.0000E-06,+444.8046637E-03
+583.5000E-06,-475.6686608E-03
+584.0000E-06,+439.6174373E-03
+584.5000E-06,-467.8878212E-03
+585.0000E-06,+453.1042260E-03
+585.5000E-06,-476.1873835E-03
+586.0000E-06,+440.1361600E-03
+586.5000E-06,-476.4467448E-03
+587.0000E-06,+448.4357222E-03
+587.5000E-06,-473.8531316E-03
+588.0000E-06,+447.9169996E-03
+588.5000E-06,-482.4120551E-03
+589.0000E-06,+450.2512515E-03
+589.5000E-06,-477.2248287E-03
+590.0000E-06,+448.6950835E-03
+590.5000E-06,-469.4439891E-03
+591.0000E-06,+450.2512515E-03
+591.5000E-06,-477.7435514E-03
+592.0000E-06,+449.2138062E-03
+592.5000E-06,-478.0029127E-03
+593.0000E-06,+450.2512515E-03
+593.5000E-06,-478.2622740E-03
+594.0000E-06,+442.2110505E-03
+594.5000E-06,-476.4467448E-03
+595.0000E-06,+442.4704119E-03
+595.5000E-06,-472.5563250E-03
+596.0000E-06,+442.4704119E-03
+596.5000E-06,-484.7463070E-03
+597.0000E-06,+442.9891345E-03
+597.5000E-06,-479.2997193E-03
+598.0000E-06,+442.2110505E-03
+598.5000E-06,-474.3718542E-03
+599.0000E-06,+446.8795543E-03
+599.5000E-06,-477.2248287E-03
+600.0000E-06,+443.7672185E-03
+600.5000E-06,-477.2248287E-03
+601.0000E-06,+452.0667807E-03
+601.5000E-06,-478.2622740E-03
+602.0000E-06,+436.2457402E-03
+602.5000E-06,-475.6686608E-03
+603.0000E-06,+442.2110505E-03
+603.5000E-06,-480.8558872E-03
+604.0000E-06,+443.5078571E-03
+604.5000E-06,-477.7435514E-03
+605.0000E-06,+453.1042260E-03
+605.5000E-06,-480.8558872E-03
+606.0000E-06,+437.2831855E-03
+606.5000E-06,-473.5937703E-03
+607.0000E-06,+451.2886967E-03
+607.5000E-06,-481.6339712E-03
+608.0000E-06,+431.5772364E-03
+608.5000E-06,-474.1124929E-03
+609.0000E-06,+446.1014703E-03
+609.5000E-06,-490.4522560E-03
+610.0000E-06,+430.2804298E-03
+610.5000E-06,-482.6714165E-03
+611.0000E-06,+450.2512515E-03
+611.5000E-06,-467.1097373E-03
+612.0000E-06,+444.5453024E-03
+612.5000E-06,-470.7407957E-03
+613.0000E-06,+442.2110505E-03
+613.5000E-06,-474.8905769E-03
+614.0000E-06,+439.3580760E-03
+614.5000E-06,-471.0001571E-03
+615.0000E-06,+448.9544449E-03
+615.5000E-06,-483.1901391E-03
+616.0000E-06,+442.2110505E-03
+616.5000E-06,-468.1471825E-03
+617.0000E-06,+456.2165618E-03
+617.5000E-06,-476.4467448E-03
+618.0000E-06,+445.3233864E-03
+618.5000E-06,-471.5188797E-03
+619.0000E-06,+447.9169996E-03
+619.5000E-06,-483.7088617E-03
+620.0000E-06,+438.8393534E-03
+620.5000E-06,-474.6312155E-03
+621.0000E-06,+442.2110505E-03
+621.5000E-06,-483.9682231E-03
+622.0000E-06,+446.6201930E-03
+622.5000E-06,-480.0778033E-03
+623.0000E-06,+442.2110505E-03
+623.5000E-06,-476.1873835E-03
+624.0000E-06,+442.2110505E-03
+624.5000E-06,-476.1873835E-03
+625.0000E-06,+450.2512515E-03
+625.5000E-06,-478.5216353E-03
+626.0000E-06,+442.4704119E-03
+626.5000E-06,-476.9654674E-03
+627.0000E-06,+450.2512515E-03
+627.5000E-06,-484.7463070E-03
+628.0000E-06,+442.2110505E-03
+628.5000E-06,-471.2595184E-03
+629.0000E-06,+442.7297732E-03
+629.5000E-06,-476.9654674E-03
+630.0000E-06,+444.8046637E-03
+630.5000E-06,-471.7782410E-03
+631.0000E-06,+442.9891345E-03
+631.5000E-06,-485.2650297E-03
+632.0000E-06,+444.0265798E-03
+632.5000E-06,-481.3746099E-03
+633.0000E-06,+444.2859411E-03
+633.5000E-06,-485.5243910E-03
+634.0000E-06,+441.6923279E-03
+634.5000E-06,-471.2595184E-03
+635.0000E-06,+436.7644628E-03
+635.5000E-06,-479.8184419E-03
+636.0000E-06,+447.9169996E-03
+636.5000E-06,-480.8558872E-03
+637.0000E-06,+450.2512515E-03
+637.5000E-06,-478.7809967E-03
+638.0000E-06,+448.9544449E-03
+638.5000E-06,-481.6339712E-03
+639.0000E-06,+444.0265798E-03
+639.5000E-06,-486.3024749E-03
+640.0000E-06,+442.2110505E-03
+640.5000E-06,-474.3718542E-03
+641.0000E-06,+446.3608317E-03
+641.5000E-06,-478.7809966E-03
+642.0000E-06,+446.6201930E-03
+642.5000E-06,-474.6312155E-03
+643.0000E-06,+441.1736053E-03
+643.5000E-06,-478.7809967E-03
+644.0000E-06,+448.6950835E-03
+644.5000E-06,-467.3690986E-03
+645.0000E-06,+452.8448647E-03
+645.5000E-06,-480.3371646E-03
+646.0000E-06,+438.3206307E-03
+646.5000E-06,-475.1499382E-03
+647.0000E-06,+453.1042260E-03
+647.5000E-06,-476.1873835E-03
+648.0000E-06,+440.1361600E-03
+648.5000E-06,-476.4467448E-03
+649.0000E-06,+440.3955213E-03
+649.5000E-06,-484.7463070E-03
+650.0000E-06,+439.8767987E-03
+650.5000E-06,-468.9252665E-03
+651.0000E-06,+445.5827477E-03
+651.5000E-06,-477.2248287E-03
+652.0000E-06,+456.7352844E-03
+652.5000E-06,-467.8878212E-03
+653.0000E-06,+445.8421090E-03
+653.5000E-06,-480.0778033E-03
+654.0000E-06,+442.2110505E-03
+654.5000E-06,-468.1471825E-03
+655.0000E-06,+445.8421090E-03
+655.5000E-06,-480.3371646E-03
+656.0000E-06,+450.2512515E-03
+656.5000E-06,-476.4467448E-03
+657.0000E-06,+450.2512515E-03
+657.5000E-06,-480.5965259E-03
+658.0000E-06,+450.5106128E-03
+658.5000E-06,-476.7061061E-03
+659.0000E-06,+446.6201930E-03
+659.5000E-06,-487.3399202E-03
+660.0000E-06,+450.2512515E-03
+660.5000E-06,-476.9654674E-03
+661.0000E-06,+450.2512515E-03
+661.5000E-06,-481.1152485E-03
+662.0000E-06,+451.0293354E-03
+662.5000E-06,-474.3718542E-03
+663.0000E-06,+444.0265798E-03
+663.5000E-06,-481.3746099E-03
+664.0000E-06,+444.2859411E-03
+664.5000E-06,-474.3718542E-03
+665.0000E-06,+447.3982769E-03
+665.5000E-06,-488.8960881E-03
+666.0000E-06,+443.5078571E-03
+666.5000E-06,-477.7435514E-03
+667.0000E-06,+447.6576383E-03
+667.5000E-06,-489.9335334E-03
+668.0000E-06,+443.7672185E-03
+668.5000E-06,-478.0029127E-03
+669.0000E-06,+443.2484958E-03
+669.5000E-06,-489.4148108E-03
+670.0000E-06,+444.0265798E-03
+670.5000E-06,-474.3718542E-03
+671.0000E-06,+448.1763609E-03
+671.5000E-06,-482.4120551E-03
+672.0000E-06,+444.2859411E-03
+672.5000E-06,-474.6312155E-03
+673.0000E-06,+446.6201930E-03
+673.5000E-06,-474.8905768E-03
+674.0000E-06,+438.8393534E-03
+674.5000E-06,-475.1499382E-03
+675.0000E-06,+447.1389156E-03
+675.5000E-06,-475.4092995E-03
+676.0000E-06,+444.8046637E-03
+676.5000E-06,-471.0001571E-03
+677.0000E-06,+448.9544449E-03
+677.5000E-06,-476.7061061E-03
+678.0000E-06,+439.8767987E-03
+678.5000E-06,-468.1471825E-03
+679.0000E-06,+447.1389156E-03
+679.5000E-06,-490.4522561E-03
+680.0000E-06,+445.3233864E-03
+680.5000E-06,-468.6659052E-03
+681.0000E-06,+441.4329666E-03
+681.5000E-06,-483.7088617E-03
+682.0000E-06,+440.9142439E-03
+682.5000E-06,-474.6312155E-03
+683.0000E-06,+442.2110505E-03
+683.5000E-06,-483.9682231E-03
+684.0000E-06,+445.8421090E-03
+684.5000E-06,-477.7435514E-03
+685.0000E-06,+449.7325288E-03
+685.5000E-06,-478.0029127E-03
+686.0000E-06,+441.9516892E-03
+686.5000E-06,-476.1873834E-03
+687.0000E-06,+450.2512515E-03
+687.5000E-06,-490.4522561E-03
+688.0000E-06,+438.3206307E-03
+688.5000E-06,-267.6608823E-03
+689.0000E-06,-167.5474127E-03
+689.5000E-06,-92.8513526E-03
+690.0000E-06,-51.8722640E-03
+690.5000E-06,-33.7169716E-03
+691.0000E-06,-31.6420810E-03
+691.5000E-06,-24.1206028E-03
+692.0000E-06,-16.0804018E-03
+692.5000E-06,-22.8237962E-03
+693.0000E-06,-16.0804018E-03
+693.5000E-06,-16.0804018E-03
+694.0000E-06,-16.0804018E-03
+694.5000E-06,-16.0804018E-03
+695.0000E-06,-16.0804018E-03
+695.5000E-06,-11.1525368E-03
+696.0000E-06,-16.0804018E-03
+696.5000E-06,-15.3023179E-03
+697.0000E-06,-17.3772084E-03
+697.5000E-06,-16.0804018E-03
+698.0000E-06,-16.0804018E-03
+698.5000E-06,-16.0804018E-03
+699.0000E-06,-22.5644348E-03
+699.5000E-06,-16.0804018E-03
+700.0000E-06,-13.7461500E-03
+700.5000E-06,-16.0804018E-03
+701.0000E-06,-16.0804018E-03
+701.5000E-06,-16.0804018E-03
+702.0000E-06,-16.0804018E-03
+702.5000E-06,-16.0804018E-03
+703.0000E-06,-16.0804018E-03
+703.5000E-06,-11.9306207E-03
+704.0000E-06,-8.0402009E-03
+704.5000E-06,-16.0804018E-03
+705.0000E-06,-16.0804018E-03
+705.5000E-06,-12.4493434E-03
+706.0000E-06,-8.0402009E-03
+706.5000E-06,-15.5616792E-03
+707.0000E-06,-16.0804018E-03
+707.5000E-06,-16.0804018E-03
+708.0000E-06,-9.3370075E-03
+708.5000E-06,-16.0804018E-03
+709.0000E-06,-16.0804018E-03
+709.5000E-06,-8.0402009E-03
+710.0000E-06,-9.0776462E-03
+710.5000E-06,-16.0804018E-03
+711.0000E-06,-16.0804018E-03
+711.5000E-06,-8.0402009E-03
+712.0000E-06,-8.0402009E-03
+712.5000E-06,-16.0804018E-03
+713.0000E-06,-11.4118981E-03
+713.5000E-06,-10.6338141E-03
+714.0000E-06,-16.0804018E-03
+714.5000E-06,-17.6365698E-03
+715.0000E-06,-19.7114603E-03
+715.5000E-06,-10.3744528E-03
+716.0000E-06,-15.8210405E-03
+716.5000E-06,-9.8557302E-03
+717.0000E-06,-16.0804018E-03
+717.5000E-06,-16.0804018E-03
+718.0000E-06,-16.0804018E-03
+718.5000E-06,-8.0402009E-03
+719.0000E-06,-11.9306207E-03
+719.5000E-06,-14.2648726E-03
+720.0000E-06,-7.7808396E-03
+720.5000E-06,-10.3744528E-03
+721.0000E-06,-16.0804018E-03
+721.5000E-06,-14.5242339E-03
+722.0000E-06,-16.0804018E-03
+722.5000E-06,-8.0402009E-03
+723.0000E-06,-16.0804018E-03
+723.5000E-06,-14.7835952E-03
+724.0000E-06,-16.0804018E-03
+724.5000E-06,-13.2274273E-03
+725.0000E-06,-16.0804018E-03
+725.5000E-06,-15.0429566E-03
+726.0000E-06,-15.0429566E-03
+726.5000E-06,-16.0804018E-03
+727.0000E-06,-18.9333764E-03
+727.5000E-06,-8.8182849E-03
+728.0000E-06,-9.3370075E-03
+728.5000E-06,-16.0804018E-03
+729.0000E-06,-16.0804018E-03
+729.5000E-06,-16.0804018E-03
+730.0000E-06,-8.0402009E-03
+730.5000E-06,-8.0402009E-03
+731.0000E-06,-16.0804018E-03
+731.5000E-06,-16.0804018E-03
+732.0000E-06,-8.0402009E-03
+732.5000E-06,-8.0402009E-03
+733.0000E-06,-16.0804018E-03
+733.5000E-06,-16.0804018E-03
+734.0000E-06,-8.0402009E-03
+734.5000E-06,-11.9306207E-03
+735.0000E-06,-16.0804018E-03
+735.5000E-06,-15.8210405E-03
+736.0000E-06,-2.3342519E-03
+736.5000E-06,-16.0804018E-03
+737.0000E-06,-14.5242339E-03
+737.5000E-06,-8.0402009E-03
+738.0000E-06,-8.0402009E-03
+738.5000E-06,-11.4118981E-03
+739.0000E-06,-9.3370075E-03
+739.5000E-06,-8.0402009E-03
+740.0000E-06,-2.8529745E-03
+740.5000E-06,-14.2648726E-03
+741.0000E-06,-16.0804018E-03
+741.5000E-06,-7.0027556E-03
+742.0000E-06,-4.9278651E-03
+742.5000E-06,-8.0402009E-03
+743.0000E-06,-16.0804018E-03
+743.5000E-06,-14.7835952E-03
+744.0000E-06,+0.0E+00
+744.5000E-06,-8.0402009E-03
+745.0000E-06,-16.0804018E-03
+745.5000E-06,+0.0E+00
+746.0000E-06,-8.0402009E-03
+746.5000E-06,-10.3744528E-03
+747.0000E-06,-15.8210405E-03
+747.5000E-06,-8.0402009E-03
+748.0000E-06,-8.0402009E-03
+748.5000E-06,-4.1497811E-03
+749.0000E-06,-8.0402009E-03
+749.5000E-06,-8.0402009E-03
+750.0000E-06,-4.1497811E-03
+750.5000E-06,-6.2246717E-03
+751.0000E-06,-16.0804018E-03
+751.5000E-06,-8.0402009E-03
+752.0000E-06,-8.0402009E-03
+752.5000E-06,-8.0402009E-03
+753.0000E-06,-8.0402009E-03
+753.5000E-06,-8.0402009E-03
+754.0000E-06,-4.6685038E-03
+754.5000E-06,-14.7835952E-03
+755.0000E-06,-8.0402009E-03
+755.5000E-06,+0.0E+00
+756.0000E-06,+0.0E+00
+756.5000E-06,-7.0027556E-03
+757.0000E-06,-1.0374453E-03
+757.5000E-06,-4.9278651E-03
+758.0000E-06,+0.0E+00
+758.5000E-06,-16.0804018E-03
+759.0000E-06,-6.7433943E-03
+759.5000E-06,-4.6685038E-03
+760.0000E-06,+0.0E+00
+760.5000E-06,-15.5616792E-03
+761.0000E-06,+0.0E+00
+761.5000E-06,-3.6310585E-03
+762.0000E-06,+0.0E+00
+762.5000E-06,-16.0804018E-03
+763.0000E-06,-8.0402009E-03
+763.5000E-06,-4.1497811E-03
+764.0000E-06,+0.0E+00
+764.5000E-06,-8.0402009E-03
+765.0000E-06,-16.0804018E-03
+765.5000E-06,-8.0402009E-03
+766.0000E-06,-1.8155292E-03
+766.5000E-06,-8.0402009E-03
+767.0000E-06,-8.0402009E-03
+767.5000E-06,-4.4091424E-03
+768.0000E-06,-8.0402009E-03
+768.5000E-06,-16.0804018E-03
+769.0000E-06,-8.0402009E-03
+769.5000E-06,-8.0402009E-03
+770.0000E-06,-1.2968066E-03
+770.5000E-06,-8.0402009E-03
+771.0000E-06,+0.0E+00
+771.5000E-06,+0.0E+00
+772.0000E-06,+0.0E+00
+772.5000E-06,-8.0402009E-03
+773.0000E-06,-4.9278651E-03
+773.5000E-06,-2.8529745E-03
+774.0000E-06,-778.0840E-06
+774.5000E-06,-1.2968066E-03
+775.0000E-06,-3.3716972E-03
+775.5000E-06,+0.0E+00
+776.0000E-06,-8.0402009E-03
+776.5000E-06,-6.4840330E-03
+777.0000E-06,-11.6712594E-03
+777.5000E-06,-8.0402009E-03
+778.0000E-06,-8.0402009E-03
+778.5000E-06,-1.8155292E-03
+779.0000E-06,-8.0402009E-03
+779.5000E-06,+0.0E+00
+780.0000E-06,-8.0402009E-03
+780.5000E-06,-2.0748906E-03
+781.0000E-06,-8.0402009E-03
+781.5000E-06,-8.0402009E-03
+782.0000E-06,+0.0E+00
+782.5000E-06,-2.3342519E-03
+783.0000E-06,+0.0E+00
+783.5000E-06,-6.4840330E-03
+784.0000E-06,-7.5214783E-03
+784.5000E-06,-5.4465877E-03
+785.0000E-06,-3.3716972E-03
+785.5000E-06,+0.0E+00
+786.0000E-06,+0.0E+00
+786.5000E-06,+0.0E+00
+787.0000E-06,+0.0E+00
+787.5000E-06,-1.0374453E-03
+788.0000E-06,+0.0E+00
+788.5000E-06,-8.0402009E-03
+789.0000E-06,-8.0402009E-03
+789.5000E-06,+0.0E+00
+790.0000E-06,+0.0E+00
+790.5000E-06,+0.0E+00
+791.0000E-06,-2.5936132E-03
+791.5000E-06,-518.7226E-06
+792.0000E-06,-1.5561679E-03
+792.5000E-06,-3.6310585E-03
+793.0000E-06,-8.0402009E-03
+793.5000E-06,-7.7808396E-03
+794.0000E-06,+0.0E+00
+794.5000E-06,-8.0402009E-03
+795.0000E-06,-8.0402009E-03
+795.5000E-06,+8.0402009E-03
+796.0000E-06,+0.0E+00
+796.5000E-06,-8.0402009E-03
+797.0000E-06,-1.8155292E-03
+797.5000E-06,+259.3613E-06
+798.0000E-06,+8.0402009E-03
+798.5000E-06,-8.0402009E-03
+799.0000E-06,-1.5561679E-03
+799.5000E-06,+518.7226E-06
+800.0000E-06,+0.0E+00
+800.5000E-06,+0.0E+00
+801.0000E-06,-6.7433943E-03
+801.5000E-06,+7.2621170E-03
+802.0000E-06,-2.8529745E-03
+802.5000E-06,-8.0402009E-03
+803.0000E-06,+0.0E+00
+803.5000E-06,+8.0402009E-03
+804.0000E-06,+0.0E+00
+804.5000E-06,-8.0402009E-03
+805.0000E-06,+0.0E+00
+805.5000E-06,+1.2968066E-03
+806.0000E-06,+0.0E+00
+806.5000E-06,-8.0402009E-03
+807.0000E-06,-7.5214783E-03
+807.5000E-06,+0.0E+00
+808.0000E-06,+0.0E+00
+808.5000E-06,-2.3342519E-03
+809.0000E-06,-8.0402009E-03
+809.5000E-06,+0.0E+00
+810.0000E-06,+0.0E+00
+810.5000E-06,-8.0402009E-03
+811.0000E-06,+0.0E+00
+811.5000E-06,+2.0748905E-03
+812.0000E-06,+0.0E+00
+812.5000E-06,-1.8155292E-03
+813.0000E-06,-7.7808396E-03
+813.5000E-06,+5.7059490E-03
+814.0000E-06,-4.4091424E-03
+814.5000E-06,-8.0402009E-03
+815.0000E-06,+0.0E+00
+815.5000E-06,+2.5936132E-03
+816.0000E-06,-3.3716972E-03
+816.5000E-06,-1.2968066E-03
+817.0000E-06,-778.0839E-06
+817.5000E-06,+0.0E+00
+818.0000E-06,-8.0402009E-03
+818.5000E-06,-8.0402009E-03
+819.0000E-06,-1.0374453E-03
+819.5000E-06,+0.0E+00
+820.0000E-06,-8.0402009E-03
+820.5000E-06,-778.0840E-06
+821.0000E-06,+0.0E+00
+821.5000E-06,+0.0E+00
+822.0000E-06,-8.0402009E-03
+822.5000E-06,-15.0429565E-03
+823.0000E-06,-8.0402009E-03
+823.5000E-06,+3.6310585E-03
+824.0000E-06,-2.3342519E-03
+824.5000E-06,-8.0402009E-03
+825.0000E-06,+1.8155292E-03
+825.5000E-06,-3.8904198E-03
+826.0000E-06,+0.0E+00
+826.5000E-06,+0.0E+00
+827.0000E-06,+2.0748905E-03
+827.5000E-06,+3.8904198E-03
+828.0000E-06,+0.0E+00
+828.5000E-06,-8.0402009E-03
+829.0000E-06,+0.0E+00
+829.5000E-06,+0.0E+00
+830.0000E-06,-6.4840330E-03
+830.5000E-06,-518.7226E-06
+831.0000E-06,-2.5936132E-03
+831.5000E-06,+0.0E+00
+832.0000E-06,-8.0402009E-03
+832.5000E-06,-7.2621170E-03
+833.0000E-06,-8.0402009E-03
+833.5000E-06,+3.1123359E-03
+834.0000E-06,-8.0402009E-03
+834.5000E-06,-8.0402009E-03
+835.0000E-06,-4.9278651E-03
+835.5000E-06,+2.8529745E-03
+836.0000E-06,-8.0402009E-03
+836.5000E-06,-8.0402009E-03
+837.0000E-06,-8.0402009E-03
+837.5000E-06,+0.0E+00
+838.0000E-06,-8.0402009E-03
+838.5000E-06,-8.0402009E-03
+839.0000E-06,-3.6310585E-03
+839.5000E-06,+0.0E+00
+840.0000E-06,+0.0E+00
+840.5000E-06,-8.0402009E-03
+841.0000E-06,+0.0E+00
+841.5000E-06,+0.0E+00
+842.0000E-06,+0.0E+00
+842.5000E-06,-8.0402009E-03
+843.0000E-06,-8.0402009E-03
+843.5000E-06,-6.2246717E-03
+844.0000E-06,-7.7808396E-03
+844.5000E-06,-8.0402009E-03
+845.0000E-06,-4.4091424E-03
+845.5000E-06,-1.5561679E-03
+846.0000E-06,-7.5214783E-03
+846.5000E-06,-10.6338141E-03
+847.0000E-06,-8.0402009E-03
+847.5000E-06,+0.0E+00
+848.0000E-06,-8.0402009E-03
+848.5000E-06,-8.0402009E-03
+849.0000E-06,-8.0402009E-03
+849.5000E-06,-1.0374453E-03
+850.0000E-06,-8.0402009E-03
+850.5000E-06,-4.9278651E-03
+851.0000E-06,-5.1872264E-03
+851.5000E-06,-778.0840E-06
+852.0000E-06,-1.2968066E-03
+852.5000E-06,-8.0402009E-03
+853.0000E-06,+0.0E+00
+853.5000E-06,+0.0E+00
+854.0000E-06,-1.5561679E-03
+854.5000E-06,-8.0402009E-03
+855.0000E-06,-5.7059490E-03
+855.5000E-06,-7.7808396E-03
+856.0000E-06,-8.0402009E-03
+856.5000E-06,-3.8904198E-03
+857.0000E-06,-8.0402009E-03
+857.5000E-06,+0.0E+00
+858.0000E-06,-2.0748905E-03
+858.5000E-06,-8.0402009E-03
+859.0000E-06,-1.8155293E-03
+859.5000E-06,+0.0E+00
+860.0000E-06,-10.3744528E-03
+860.5000E-06,-3.6310585E-03
+861.0000E-06,-1.5561679E-03
+861.5000E-06,+0.0E+00
+862.0000E-06,-8.0402009E-03
+862.5000E-06,-8.0402009E-03
+863.0000E-06,-6.7433943E-03
+863.5000E-06,+0.0E+00
+864.0000E-06,-8.0402009E-03
+864.5000E-06,-4.9278651E-03
+865.0000E-06,-7.0027556E-03
+865.5000E-06,+0.0E+00
+866.0000E-06,-4.9278651E-03
+866.5000E-06,-8.0402009E-03
+867.0000E-06,+0.0E+00
+867.5000E-06,+0.0E+00
+868.0000E-06,-3.3716971E-03
+868.5000E-06,-10.6338141E-03
+869.0000E-06,+7.5214783E-03
+869.5000E-06,-8.0402009E-03
+870.0000E-06,-4.4091425E-03
+870.5000E-06,-8.0402009E-03
+871.0000E-06,+0.0E+00
+871.5000E-06,-6.2246717E-03
+872.0000E-06,-3.8904198E-03
+872.5000E-06,-8.0402009E-03
+873.0000E-06,-8.0402009E-03
+873.5000E-06,+0.0E+00
+874.0000E-06,-8.0402009E-03
+874.5000E-06,-8.0402009E-03
+875.0000E-06,+0.0E+00
+875.5000E-06,-5.7059491E-03
+876.0000E-06,-3.6310585E-03
+876.5000E-06,+0.0E+00
+877.0000E-06,+0.0E+00
+877.5000E-06,-5.4465877E-03
+878.0000E-06,-8.0402009E-03
+878.5000E-06,-1.2968066E-03
+879.0000E-06,+7.2621170E-03
+879.5000E-06,+0.0E+00
+880.0000E-06,-8.0402009E-03
+880.5000E-06,-7.0027556E-03
+881.0000E-06,+0.0E+00
+881.5000E-06,-3.1123358E-03
+882.0000E-06,-8.0402009E-03
+882.5000E-06,-778.0840E-06
+883.0000E-06,+0.0E+00
+883.5000E-06,-4.6685038E-03
+884.0000E-06,-8.0402009E-03
+884.5000E-06,-518.7227E-06
+885.0000E-06,+0.0E+00
+885.5000E-06,+0.0E+00
+886.0000E-06,-8.0402009E-03
+886.5000E-06,-259.3613E-06
+887.0000E-06,+1.8155292E-03
+887.5000E-06,-8.0402009E-03
+888.0000E-06,-2.0748906E-03
+888.5000E-06,-8.0402009E-03
+889.0000E-06,-5.9653104E-03
+889.5000E-06,-4.1497811E-03
+890.0000E-06,-8.0402009E-03
+890.5000E-06,-8.0402009E-03
+891.0000E-06,+0.0E+00
+891.5000E-06,-4.4091424E-03
+892.0000E-06,+0.0E+00
+892.5000E-06,-7.5214783E-03
+893.0000E-06,+2.5936132E-03
+893.5000E-06,+0.0E+00
+894.0000E-06,+0.0E+00
+894.5000E-06,-8.0402009E-03
+895.0000E-06,+2.8529745E-03
+895.5000E-06,-8.0402009E-03
+896.0000E-06,-8.0402009E-03
+896.5000E-06,+0.0E+00
+897.0000E-06,+0.0E+00
+897.5000E-06,-8.0402009E-03
