x0000,y0000
-0.000025,-0.012060301
-0.0000249315,-0.012060301
-0.0000248629,-0.012060301
-0.0000247944,-0.012060301
-0.0000247259,-0.012060301
-0.0000246573,-0.012060301
-0.0000245888,-0.0060301507
-0.0000245203,-0.0060301507
-0.0000244518,-0.012060301
-0.0000243832,-0.0060301507
-0.0000243147,-0.0060301507
-0.0000242462,-0.012060301
-0.0000241776,-0.0060301507
-0.0000241091,-0.0060301507
-0.0000240406,0.
-0.0000239720,0.
-0.0000239035,0.
-0.000023835,-0.0060301507
-0.0000237664,-0.0060301507
-0.0000236979,-0.0060301507
-0.0000236294,-0.0060301507
-0.0000235609,0.
-0.0000234923,-0.0060301507
-0.0000234238,-0.0060301507
-0.0000233553,-0.0060301507
-0.0000232867,0.
-0.0000232182,-0.0060301507
-0.0000231497,-0.0060301507
-0.0000230811,-0.012060301
-0.0000230126,-0.012060301
-0.0000229441,-0.0060301507
-0.0000228755,-0.0060301507
-0.0000228070,-0.012060301
-0.0000227385,-0.012060301
-0.00002267,-0.012060301
-0.0000226014,-0.012060301
-0.0000225329,-0.012060301
-0.0000224644,-0.012060301
-0.0000223958,0.
-0.0000223273,-0.012060301
-0.0000222588,-0.012060301
-0.0000221902,-0.0060301507
-0.0000221217,-0.0060301507
-0.0000220532,-0.0060301507
-0.0000219846,-0.0060301507
-0.0000219161,0.
-0.0000218476,-0.0060301507
-0.0000217791,-0.0060301507
-0.0000217105,-0.0060301507
-0.000021642,-0.0060301507
-0.0000215735,-0.0060301507
-0.0000215049,-0.0060301507
-0.0000214364,-0.0060301507
-0.0000213679,-0.0060301507
-0.0000212993,-0.0060301507
-0.0000212308,-0.012060301
-0.0000211623,-0.012060301
-0.0000210937,-0.012060301
-0.0000210252,-0.012060301
-0.0000209567,-0.0060301507
-0.0000208882,-0.012060301
-0.0000208196,-0.012060301
-0.0000207511,-0.0060301507
-0.0000206826,-0.0060301507
-0.0000206140,-0.012060301
-0.0000205455,-0.012060301
-0.000020477,-0.012060301
-0.0000204084,-0.012060301
-0.0000203399,-0.0060301507
-0.0000202714,-0.0060301507
-0.0000202029,0.
-0.0000201343,-0.0060301507
-0.0000200658,-0.0060301507
-0.0000199973,-0.0060301507
-0.0000199287,-0.0060301507
-0.0000198602,0.
-0.0000197917,-0.012060301
-0.0000197231,-0.0060301507
-0.0000196546,0.
-0.0000195861,0.
-0.0000195175,-0.0060301507
-0.0000194490,-0.0060301507
-0.0000193805,-0.0060301507
-0.000019312,-0.012060301
-0.0000192434,-0.0060301507
-0.0000191749,-0.0060301507
-0.0000191064,-0.018090453
-0.0000190378,-0.018090453
-0.0000189693,-0.012060301
-0.0000189008,-0.0060301507
-0.0000188322,-0.012060301
-0.0000187637,-0.012060301
-0.0000186952,-0.012060301
-0.0000186266,-0.012060301
-0.0000185581,-0.012060301
-0.0000184896,-0.0060301507
-0.0000184211,-0.012060301
-0.0000183525,-0.0060301507
-0.000018284,-0.0060301507
-0.0000182155,0.
-0.0000181469,-0.0060301507
-0.0000180784,-0.0060301507
-0.0000180099,-0.012060301
-0.0000179413,-0.0060301507
-0.0000178728,-0.0060301507
-0.0000178043,-0.012060301
-0.0000177357,-0.0060301507
-0.0000176672,-0.0060301507
-0.0000175987,-0.0060301507
-0.0000175302,-0.0060301507
-0.0000174616,-0.0060301507
-0.0000173931,-0.0060301507
-0.0000173246,-0.012060301
-0.0000172560,-0.012060301
-0.0000171875,-0.012060301
-0.000017119,-0.0060301507
-0.0000170504,-0.012060301
-0.0000169819,-0.012060301
-0.0000169134,-0.018090453
-0.0000168448,-0.012060301
-0.0000167763,-0.0060301507
-0.0000167078,-0.012060301
-0.0000166393,-0.012060301
-0.0000165707,-0.012060301
-0.0000165022,-0.012060301
-0.0000164337,-0.012060301
-0.0000163651,-0.0060301507
-0.0000162966,-0.0060301507
-0.0000162281,-0.0060301507
-0.0000161595,-0.0060301507
-0.0000160910,-0.012060301
-0.0000160225,-0.012060301
-0.0000159539,0.
-0.0000158854,-0.0060301507
-0.0000158169,0.
-0.0000157484,-0.0060301507
-0.0000156798,-0.0060301507
-0.0000156113,-0.012060301
-0.0000155428,-0.0060301507
-0.0000154742,-0.0060301507
-0.0000154057,-0.0060301507
-0.0000153372,-0.012060301
-0.0000152686,-0.0060301507
-0.0000152001,-0.012060301
-0.0000151316,-0.012060301
-0.0000150630,-0.012060301
-0.0000149945,-0.0060301507
-0.000014926,-0.0060301507
-0.0000148575,-0.0060301507
-0.0000147889,-0.0060301507
-0.0000147204,-0.012060301
-0.0000146519,-0.0060301507
-0.0000145833,-0.012060301
-0.0000145148,-0.0060301507
-0.0000144463,-0.012060301
-0.0000143777,-0.0060301507
-0.0000143092,-0.012060301
-0.0000142407,-0.0060301507
-0.0000141721,-0.012060301
-0.0000141036,-0.012060301
-0.0000140351,-0.0060301507
-0.0000139666,-0.0060301507
-0.0000138980,-0.0060301507
-0.0000138295,0.
-0.000013761,0.
-0.0000136924,-0.0060301507
-0.0000136239,-0.012060301
-0.0000135554,-0.0060301507
-0.0000134868,-0.0060301507
-0.0000134183,0.
-0.0000133498,-0.0060301507
-0.0000132812,-0.0060301507
-0.0000132127,-0.0060301507
-0.0000131442,-0.012060301
-0.0000130757,-0.0060301507
-0.0000130071,-0.012060301
-0.0000129386,-0.0060301507
-0.0000128701,-0.0060301507
-0.0000128015,-0.0060301507
-0.0000127330,-0.0060301507
-0.0000126645,-0.012060301
-0.0000125959,-0.012060301
-0.0000125274,-0.0060301507
-0.0000124589,-0.0060301507
-0.0000123904,-0.0060301507
-0.0000123218,-0.0060301507
-0.0000122533,-0.0060301507
-0.0000121848,-0.012060301
-0.0000121162,-0.012060301
-0.0000120477,-0.012060301
-0.0000119792,-0.0060301507
-0.0000119106,-0.0060301507
-0.0000118421,-0.0060301507
-0.0000117736,0.
-0.0000117050,-0.0060301507
-0.0000116365,-0.0060301507
-0.000011568,-0.0060301507
-0.0000114995,-0.0060301507
-0.0000114309,-0.0060301507
-0.0000113624,-0.012060301
-0.0000112939,-0.0060301507
-0.0000112253,-0.0060301507
-0.0000111568,-0.012060301
-0.0000110883,-0.012060301
-0.0000110197,-0.012060301
-0.0000109512,-0.0060301507
-0.0000108827,-0.0060301507
-0.0000108141,-0.0060301507
-0.0000107456,-0.0060301507
-0.0000106771,-0.0060301507
-0.0000106086,-0.0060301507
-0.0000105400,-0.012060301
-0.0000104715,-0.0060301507
-0.000010403,-0.0060301507
-0.0000103344,-0.0060301507
-0.0000102659,-0.012060301
-0.0000101974,-0.012060301
-0.0000101288,-0.0060301507
-0.0000100603,-0.0060301507
-0.0000099918,-0.0060301507
-0.0000099232,0.
-0.0000098547,-0.0060301507
-0.0000097862,-0.0060301507
-0.0000097177,-0.0060301507
-0.0000096491,-0.0060301507
-0.0000095806,0.
-0.0000095121,-0.0060301507
-0.0000094435,-0.0060301507
-0.000009375,-0.0060301507
-0.0000093065,-0.0060301507
-0.0000092379,-0.0060301507
-0.0000091694,-0.0060301507
-0.0000091009,-0.0060301507
-0.0000090323,-0.0060301507
-0.0000089638,0.
-0.0000088953,-0.0060301507
-0.0000088268,-0.0060301507
-0.0000087582,-0.012060301
-0.0000086897,-0.012060301
-0.0000086212,-0.0060301507
-0.0000085526,-0.0060301507
-0.0000084841,-0.0060301507
-0.0000084156,-0.0060301507
-0.0000083470,-0.0060301507
-0.0000082785,-0.0060301507
-0.00000821,-0.0060301507
-0.0000081414,-0.0060301507
-0.0000080729,0.
-0.0000080044,-0.0060301507
-0.0000079359,-0.0060301507
-0.0000078673,-0.0060301507
-0.0000077988,-0.0060301507
-0.0000077303,-0.0060301507
-0.0000076617,-0.0060301507
-0.0000075932,-0.0060301507
-0.0000075247,-0.0060301507
-0.0000074561,0.
-0.0000073876,-0.0060301507
-0.0000073191,-0.012060301
-0.0000072505,-0.0060301507
-0.0000071820,-0.0060301507
-0.0000071135,-0.0060301507
-0.000007045,-0.0060301507
-0.0000069764,-0.0060301507
-0.0000069079,-0.0060301507
-0.0000068394,-0.012060301
-0.0000067708,-0.0060301507
-0.0000067023,-0.012060301
-0.0000066338,-0.0060301507
-0.0000065652,-0.012060301
-0.0000064967,-0.0060301507
-0.0000064282,-0.0060301507
-0.0000063596,-0.0060301507
-0.0000062911,-0.0060301507
-0.0000062226,-0.0060301507
-0.0000061541,-0.0060301507
-0.0000060855,-0.0060301507
-0.000006017,-0.0060301507
-0.0000059485,-0.0060301507
-0.0000058799,0.
-0.0000058114,0.0060301507
-0.0000057429,-0.0060301507
-0.0000056743,0.
-0.0000056058,-0.0060301507
-0.0000055373,0.
-0.0000054687,-0.0060301507
-0.0000054002,-0.0060301507
-0.0000053317,-0.0060301507
-0.0000052632,-0.0060301507
-0.0000051946,-0.012060301
-0.0000051261,-0.0060301507
-0.0000050576,-0.0060301507
-0.0000049890,-0.0060301507
-0.0000049205,-0.012060301
-0.000004852,0.
-0.0000047834,-0.012060301
-0.0000047149,-0.0060301507
-0.0000046464,-0.0060301507
-0.0000045778,-0.012060301
-0.0000045093,-0.012060301
-0.0000044408,-0.0060301507
-0.0000043723,-0.0060301507
-0.0000043037,-0.0060301507
-0.0000042352,-0.0060301507
-0.0000041667,-0.012060301
-0.0000040981,-0.0060301507
-0.0000040296,-0.0060301507
-0.0000039611,-0.0060301507
-0.0000038925,-0.012060301
-0.0000038240,-0.0060301507
-0.0000037555,-0.0060301507
-0.000003687,-0.0060301507
-0.0000036184,-0.0060301507
-0.0000035499,-0.0060301507
-0.0000034814,-0.0060301507
-0.0000034128,-0.012060301
-0.0000033443,-0.0060301507
-0.0000032758,-0.012060301
-0.0000032072,-0.0060301507
-0.0000031387,-0.0060301507
-0.0000030702,-0.0060301507
-0.0000030016,-0.0060301507
-0.0000029331,-0.0060301507
-0.0000028646,-0.0060301507
-0.0000027961,-0.012060301
-0.0000027275,-0.0060301507
-0.000002659,-0.012060301
-0.0000025905,-0.0060301507
-0.0000025219,-0.012060301
-0.0000024534,-0.0060301507
-0.0000023849,-0.0060301507
-0.0000023163,0.
-0.0000022478,-0.0060301507
-0.0000021793,-0.0060301507
-0.0000021107,-0.0060301507
-0.0000020422,0.
-0.0000019737,0.
-0.0000019052,0.
-0.0000018366,0.
-0.0000017681,0.
-0.0000016996,-0.024120603
-0.0000016310,-0.018090453
-0.0000015625,-0.012060301
-0.000001494,-0.012060301
-0.0000014254,-0.012060301
-0.0000013569,0.
-0.0000012884,-0.0060301507
-0.0000012198,-0.0060301507
-0.0000011513,-0.0060301507
-0.0000010828,-0.0060301507
-0.0000010143,-0.0060301507
-0.0000009457,-0.0060301507
-0.0000008772,0.
-0.0000008087,0.
-0.0000007401,-0.012060301
-0.0000006716,-0.0060301507
-0.0000006031,-0.024120603
-0.0000005345,-0.042211056
-0.0000004660,-0.066331655
-0.0000003975,-0.17487437
-0.0000003289,-0.17487437
-0.0000002604,-0.15678392
-0.0000001919,0.024120603
-0.0000001234,0.16884422
-0.0000000548,0.2954774
0.0000000137,0.4040201
0.0000000822,0.3798995
0.0000001508,0.30150753
0.0000002193,0.09045226
0.0000002878,-0.13869347
0.0000003564,-0.28341708
0.0000004249,-0.42211056
0.0000004934,-0.4763819
0.000000562,-0.48241204
0.0000006305,-0.3678392
0.0000006990,-0.25326633
0.0000007675,0.10251256
0.0000008361,0.22311558
0.0000009046,0.4040201
0.0000009731,0.45829144
0.0000010417,0.4643216
0.0000011102,0.4040201
0.0000011787,0.28944725
0.0000012473,0.14472362
0.0000013158,-0.16884422
0.0000013843,-0.28944725
0.0000014529,-0.44623116
0.0000015214,-0.4763819
0.0000015899,-0.44623116
0.0000016584,-0.37386933
0.000001727,-0.13266331
0.0000017955,0.07839196
0.0000018640,0.21708542
0.0000019326,0.440201
0.0000020011,0.45829144
0.0000020696,0.440201
0.0000021382,0.2954774
0.0000022067,0.14472362
0.0000022752,0.
0.0000023438,-0.24723618
0.0000024123,-0.37386933
0.0000024808,-0.47035176
0.0000025493,-0.47035176
0.0000026179,-0.43417084
0.0000026864,-0.20502512
0.0000027549,-0.036180906
0.0000028235,0.22914572
0.000002892,0.31356785
0.0000029605,0.4522613
0.0000030291,0.45829144
0.0000030976,0.3919598
0.0000031661,0.28944725
0.0000032347,0.15678392
0.0000033032,-0.11457286
0.0000033717,-0.2954774
0.0000034402,-0.4763819
0.0000035088,-0.4763819
0.0000035773,-0.4763819
0.0000036458,-0.2954774
0.0000037144,-0.14472362
0.0000037829,-0.07839196
0.0000038514,0.22914572
0.00000392,0.440201
0.0000039885,0.4522613
0.0000040570,0.45829144
0.0000041255,0.3798995
0.0000041941,0.13266331
0.0000042626,-0.0060301507
0.0000043311,-0.20502512
0.0000043997,-0.25929648
0.0000044682,-0.47035176
0.0000045367,-0.47035176
0.0000046053,-0.3798995
0.0000046738,-0.34974873
0.0000047423,-0.10854271
0.0000048109,0.066331655
0.0000048794,0.24723618
0.0000049479,0.41005024
0.0000050164,0.42211056
0.000005085,0.25326633
0.0000051535,0.08442211
0.0000052220,-0.042211056
0.0000052906,-0.066331655
0.0000053591,-0.12060301
0.0000054276,-0.10854271
0.0000054962,-0.024120603
0.0000055647,0.018090453
0.0000056332,0.10854271
0.0000057018,0.12060301
0.0000057703,-0.030150753
0.0000058388,-0.13266331
0.0000059073,-0.23517588
0.0000059759,-0.37386933
0.0000060444,-0.4160804
0.0000061129,-0.3678392
0.0000061815,-0.24120602
0.0000062500,-0.012060301
0.0000063185,0.15075377
0.0000063871,0.36180905
0.0000064556,0.44623116
0.0000065241,0.47035176
0.0000065927,0.44623116
0.0000066612,0.3798995
0.0000067297,0.13266331
0.0000067982,-0.048241206
0.0000068668,-0.28341708
0.0000069353,-0.4643216
0.0000070038,-0.4763819
0.0000070724,-0.44623116
0.0000071409,-0.33165827
0.0000072094,-0.12060301
0.000007278,-0.10251256
0.0000073465,0.22914572
0.0000074150,0.30150753
0.0000074836,0.45829144
0.0000075521,0.440201
0.0000076206,0.319598
0.0000076891,0.23517588
0.0000077577,0.0060301507
0.0000078262,-0.25326633
0.0000078947,-0.26532662
0.0000079633,-0.47035176
0.0000080318,-0.4763819
0.0000081003,-0.4643216
0.0000081689,-0.37386933
0.0000082374,-0.048241206
0.0000083059,0.14472362
0.0000083745,0.22311558
0.000008443,0.3919598
0.0000085115,0.4643216
0.0000085800,0.45829144
0.0000086486,0.3678392
0.0000087171,0.23517588
0.0000087856,-0.066331655
0.0000088542,-0.18693466
0.0000089227,-0.3437186
0.0000089912,-0.440201
0.0000090598,-0.36180905
0.0000091283,-0.28341708
0.0000091968,-0.07839196
0.0000092654,0.07236181
0.0000093339,0.10251256
0.0000094024,0.07839196
0.0000094709,0.060301505
0.0000095395,-0.042211056
0.0000096080,-0.10854271
0.0000096765,-0.13869347
0.0000097451,-0.11457286
0.0000098136,-0.024120603
0.0000098821,0.14472362
0.0000099507,0.38592964
0.0000100192,0.39798996
0.0000100877,0.39798996
0.0000101563,0.24723618
0.0000102248,0.15075377
0.0000102933,-0.0060301507
0.0000103618,-0.2713568
0.0000104304,-0.3437186
0.0000104989,-0.47035176
0.0000105674,-0.4643216
0.000010636,-0.3798995
0.0000107045,-0.13266331
0.0000107730,-0.11457286
0.0000108416,0.19296482
0.0000109101,0.33165827
0.0000109786,0.45829144
0.0000110472,0.45829144
0.0000111157,0.42211056
0.0000111842,0.16884422
0.0000112527,0.060301505
0.0000113213,-0.23517588
0.0000113898,-0.2713568
0.0000114583,-0.47035176
0.0000115269,-0.4763819
0.0000115954,-0.39798996
0.0000116639,-0.28944725
0.0000117325,-0.09045226
0.000011801,0.16281407
0.0000118695,0.22311558
0.0000119381,0.3678392
0.0000120066,0.45829144
0.0000120751,0.4522613
0.0000121436,0.319598
0.0000122122,0.18090452
0.0000122807,0.042211056
0.0000123492,-0.24723618
0.0000124178,-0.4160804
0.0000124863,-0.45829144
0.0000125548,-0.4643216
0.0000126234,-0.43417084
0.0000126919,-0.16884422
0.0000127604,-0.024120603
0.0000128289,0.07839196
0.0000128975,0.30753767
0.0000129660,0.42211056
0.0000130345,0.3557789
0.0000131031,0.2713568
0.0000131716,0.018090453
0.0000132401,-0.042211056
0.0000133087,-0.11457286
0.0000133772,-0.12663317
0.0000134457,-0.066331655
0.0000135143,-0.048241206
0.0000135828,0.048241206
0.0000136513,0.12060301
0.0000137198,0.10854271
0.0000137884,-0.054271355
0.0000138569,-0.11457286
0.0000139254,-0.2713568
0.000013994,-0.39798996
0.0000140625,-0.41005024
0.0000141310,-0.30753767
0.0000141996,-0.15075377
0.0000142681,0.054271355
0.0000143366,0.25326633
0.0000144052,0.28341708
0.0000144737,0.45829144
0.0000145422,0.4643216
0.0000146107,0.4281407
0.0000146793,0.22311558
0.0000147478,0.10854271
0.0000148163,-0.21105528
0.0000148849,-0.3437186
0.0000149534,-0.45829144
0.0000150219,-0.47035176
0.0000150905,-0.44623116
0.000015159,-0.31356785
0.0000152275,-0.16884422
0.0000152961,-0.018090453
0.0000153646,0.27738693
0.0000154331,0.43417084
0.0000155016,0.4522613
0.0000155702,0.43417084
0.0000156387,0.39798996
0.0000157072,0.10854271
0.0000157758,-0.10854271
0.0000158443,-0.17487437
0.0000159128,-0.30150753
0.0000159814,-0.4643216
0.0000160499,-0.47035176
0.0000161184,-0.43417084
0.000016187,-0.24120602
0.0000162555,-0.11457286
0.0000163240,0.10854271
0.0000163925,0.24120602
0.0000164611,0.41005024
0.0000165296,0.4643216
0.0000165981,0.4281407
0.0000166667,0.28944725
0.0000167352,0.12663317
0.0000168037,-0.20502512
0.0000168723,-0.33165827
0.0000169408,-0.45829144
0.0000170093,-0.47035176
0.0000170779,-0.4643216
0.0000171464,-0.4160804
0.0000172149,-0.18090452
0.0000172834,-0.10251256
0.000017352,0.22311558
0.0000174205,0.33165827
0.0000174890,0.4522613
0.0000175576,0.4522613
0.0000176261,0.4160804
0.0000176946,0.19296482
0.0000177632,-0.060301505
0.0000178317,-0.21105528
0.0000179002,-0.2954774
0.0000179688,-0.45829144
0.0000180373,-0.47035176
0.0000181058,-0.44623116
0.0000181743,-0.25326633
0.0000182429,-0.17487437
0.0000183114,0.09045226
0.0000183799,0.28944725
0.0000184485,0.4281407
0.000018517,0.4643216
0.0000185855,0.4522613
0.0000186541,0.37386933
0.0000187226,0.10251256
0.0000187911,0.030150753
0.0000188597,-0.19899498
0.0000189282,-0.39798996
0.0000189967,-0.4522613
0.0000190652,-0.32562813
0.0000191338,-0.16884422
0.0000192023,-0.030150753
0.0000192708,0.060301505
0.0000193394,0.09648241
0.0000194079,0.09045226
0.0000194764,0.042211056
0.000019545,-0.018090453
0.0000196135,-0.12060301
0.0000196820,-0.13869347
0.0000197506,-0.13266331
0.0000198191,-0.024120603
0.0000198876,0.17487437
0.0000199561,0.33768845
0.0000200247,0.3798995
0.0000200932,0.38592964
0.0000201617,0.2954774
0.0000202303,0.11457286
0.0000202988,-0.16281407
0.0000203673,-0.21708542
0.0000204359,-0.42211056
0.0000205044,-0.47035176
0.0000205729,-0.4643216
0.0000206414,-0.43417084
0.00002071,-0.13869347
0.0000207785,0.066331655
0.0000208470,0.21708542
0.0000209156,0.3678392
0.0000209841,0.4040201
0.0000210526,0.37386933
0.0000211212,0.25929648
0.0000211897,0.13869347
0.0000212582,-0.030150753
0.0000213268,-0.12060301
0.0000213953,-0.12060301
0.0000214638,-0.066331655
0.0000215323,0.
0.0000216009,0.09045226
0.0000216694,0.11457286
0.0000217379,0.10854271
0.0000218065,0.060301505
0.0000218750,-0.21105528
0.0000219435,-0.3678392
0.0000220121,-0.41005024
0.0000220806,-0.4160804
0.0000221491,-0.3437186
0.0000222177,-0.10251256
0.0000222862,0.13266331
0.0000223547,0.25326633
0.0000224232,0.3678392
0.0000224918,0.45829144
0.0000225603,0.45829144
0.0000226288,0.33768845
0.0000226974,0.28341708
0.0000227659,-0.060301505
0.0000228344,-0.14472362
0.000022903,-0.28341708
0.0000229715,-0.47035176
0.0000230400,-0.4643216
0.0000231086,-0.4643216
0.0000231771,-0.30150753
0.0000232456,-0.13266331
0.0000233141,0.19296482
0.0000233827,0.26532662
0.0000234512,0.39798996
0.0000235197,0.4522613
0.0000235883,0.42211056
0.0000236568,0.3678392
0.0000237253,0.16884422
0.0000237939,0.060301505
0.0000238624,-0.26532662
0.0000239309,-0.4040201
0.0000239995,-0.4522613
0.000024068,-0.4643216
0.0000241365,-0.36180905
0.0000242050,-0.16281407
0.0000242736,-0.042211056
0.0000243421,0.22914572
0.0000244106,0.2954774
0.0000244792,0.44623116
0.0000245477,0.45829144
0.0000246162,0.33768845
0.0000246848,0.30150753
0.0000247533,0.09648241
0.0000248218,-0.21708542
0.0000248904,-0.38592964
0.0000249589,-0.4160804
0.0000250274,-0.4763819
0.0000250959,-0.47035176
0.0000251645,-0.28341708
0.0000252330,-0.18693466
0.0000253015,0.16281407
0.0000253701,0.24723618
0.0000254386,0.38592964
0.0000255071,0.44623116
0.0000255757,0.44623116
0.0000256442,0.319598
0.0000257127,0.16884422
0.0000257813,0.09045226
0.0000258498,-0.21105528
0.0000259183,-0.4160804
0.0000259868,-0.4522613
0.0000260554,-0.4643216
0.0000261239,-0.4281407
0.0000261924,-0.22914572
0.000026261,-0.07236181
0.0000263295,0.12663317
0.0000263980,0.24120602
0.0000264666,0.4522613
0.0000265351,0.45829144
0.0000266036,0.4160804
0.0000266722,0.28944725
0.0000267407,0.16884422
0.0000268092,-0.066331655
0.0000268777,-0.30753767
0.0000269463,-0.43417084
0.0000270148,-0.4643216
0.0000270833,-0.44623116
0.0000271519,-0.32562813
0.0000272204,-0.16281407
0.0000272889,0.018090453
0.0000273575,0.26532662
0.000027426,0.27738693
0.0000274945,0.4522613
0.0000275631,0.44623116
0.0000276316,0.3919598
0.0000277001,0.13869347
0.0000277686,0.12060301
0.0000278372,-0.22311558
0.0000279057,-0.24723618
0.0000279742,-0.4643216
0.0000280428,-0.45829144
0.0000281113,-0.4160804
0.0000281798,-0.21708542
0.0000282484,-0.16281407
0.0000283169,0.17487437
0.0000283854,0.24723618
0.0000284539,0.39798996
0.0000285225,0.4522613
0.0000285910,0.41005024
0.0000286595,0.28944725
0.0000287281,0.19899498
0.0000287966,-0.012060301
0.0000288651,-0.21708542
0.0000289337,-0.4160804
0.0000290022,-0.4763819
0.0000290707,-0.4763819
0.0000291393,-0.42211056
0.0000292078,-0.24723618
0.0000292763,-0.024120603
0.0000293448,0.13266331
0.0000294134,0.27738693
0.0000294819,0.44623116
0.0000295504,0.4522613
0.000029619,0.3678392
0.0000296875,0.18090452
0.0000297560,0.036180906
0.0000298246,-0.07236181
0.0000298931,-0.31356785
0.0000299616,-0.4281407
0.0000300302,-0.4643216
0.0000300987,-0.42211056
0.0000301672,-0.33768845
0.0000302357,-0.13869347
0.0000303043,0.13266331
0.0000303728,0.21708542
0.0000304413,0.38592964
0.0000305099,0.45829144
0.0000305784,0.440201
0.0000306469,0.28944725
0.0000307155,0.19899498
0.000030784,-0.054271355
0.0000308525,-0.14472362
0.0000309211,-0.3919598
0.0000309896,-0.45829144
0.0000310581,-0.4643216
0.0000311266,-0.4160804
0.0000311952,-0.28341708
0.0000312637,-0.10854271
0.0000313322,0.11457286
0.0000314008,0.27738693
0.0000314693,0.4040201
0.0000315378,0.4522613
0.0000316064,0.38592964
0.0000316749,0.23517588
0.0000317434,0.16281407
0.000031812,-0.18693466
0.0000318805,-0.3557789
0.0000319490,-0.4281407
0.0000320175,-0.4643216
0.0000320861,-0.4643216
0.0000321546,-0.34974873
0.0000322231,-0.24120602
0.0000322917,-0.048241206
0.0000323602,0.20502512
0.0000324287,0.4281407
0.0000324973,0.44623116
0.0000325658,0.4522613
0.0000326343,0.3678392
0.0000327029,0.13869347
0.0000327714,-0.054271355
0.0000328399,-0.14472362
0.0000329084,-0.319598
0.000032977,-0.43417084
0.0000330455,-0.42211056
0.0000331140,-0.319598
0.0000331826,-0.07236181
0.0000332511,0.
0.0000333196,0.09045226
0.0000333882,0.09648241
0.0000334567,0.07236181
0.0000335252,0.036180906
0.0000335938,-0.060301505
0.0000336623,-0.12060301
0.0000337308,-0.12060301
0.0000337993,0.060301505
0.0000338679,0.12060301
0.0000339364,0.23517588
0.0000340049,0.38592964
0.0000340735,0.3919598
0.000034142,0.27738693
0.0000342105,0.17487437
0.0000342791,0.07839196
0.0000343476,-0.24120602
0.0000344161,-0.4281407
0.0000344847,-0.4522613
0.0000345532,-0.4763819
0.0000346217,-0.42211056
0.0000346902,-0.21708542
0.0000347588,-0.018090453
0.0000348273,0.11457286
0.0000348958,0.26532662
0.0000349644,0.37386933
0.0000350329,0.34974873
0.0000351014,0.319598
0.00003517,0.048241206
0.0000352385,-0.012060301
0.0000353070,-0.10854271
0.0000353756,-0.12060301
0.0000354441,-0.09648241
0.0000355126,-0.048241206
0.0000355811,0.09045226
0.0000356497,0.12060301
0.0000357182,0.12663317
0.0000357867,-0.018090453
0.0000358553,-0.12663317
0.0000359238,-0.25929648
0.0000359923,-0.36180905
0.0000360609,-0.41005024
0.0000361294,-0.3798995
0.0000361979,-0.16281407
0.0000362665,0.060301505
0.000036335,0.11457286
0.0000364035,0.4040201
0.0000364720,0.4522613
0.0000365406,0.4522613
0.0000366091,0.39798996
0.0000366776,0.36180905
0.0000367462,0.18693466
0.0000368147,-0.07236181
0.0000368832,-0.25326633
0.0000369518,-0.41005024
0.0000370203,-0.4281407
0.0000370888,-0.28341708
0.0000371573,-0.26532662
0.0000372259,-0.0060301507
0.0000372944,0.030150753
0.0000373629,0.10251256
0.0000374315,0.054271355
0.0000375000,0.024120603
0.0000375685,-0.10251256
0.0000376371,-0.12663317
0.0000377056,-0.14472362
0.0000377741,-0.13869347
0.0000378427,0.07839196
0.0000379112,0.16884422
0.0000379797,0.36180905
0.0000380482,0.39798996
0.0000381168,0.3437186
0.0000381853,0.22914572
0.0000382538,0.11457286
0.0000383224,-0.10251256
0.0000383909,-0.3437186
0.0000384594,-0.4522613
0.000038528,-0.48241204
0.0000385965,-0.47035176
0.0000386650,-0.28944725
0.0000387336,-0.11457286
0.0000388021,-0.030150753
0.0000388706,0.22914572
0.0000389391,0.3798995
0.0000390077,0.41005024
0.0000390762,0.30753767
0.0000391447,0.12663317
0.0000392133,0.066331655
0.0000392818,-0.066331655
0.0000393503,-0.12663317
0.0000394189,-0.10854271
0.0000394874,-0.054271355
0.0000395559,0.030150753
0.0000396245,0.10854271
0.000039693,0.13266331
0.0000397615,0.10854271
0.0000398300,0.
0.0000398986,-0.30150753
0.0000399671,-0.3798995
0.0000400356,-0.39798996
0.0000401042,-0.39798996
0.0000401727,-0.24120602
0.0000402412,-0.10854271
0.0000403098,0.024120603
0.0000403783,0.30753767
0.0000404468,0.45829144
0.0000405154,0.45829144
0.0000405839,0.44623116
0.0000406524,0.3798995
0.0000407209,0.19296482
0.0000407895,-0.12663317
0.0000408580,-0.21105528
0.0000409265,-0.4522613
0.0000409951,-0.4643216
0.0000410636,-0.4763819
0.0000411321,-0.440201
0.0000412007,-0.32562813
0.0000412692,-0.048241206
0.0000413377,0.20502512
0.0000414063,0.3678392
0.0000414748,0.43417084
0.0000415433,0.4522613
0.0000416118,0.3678392
0.0000416804,0.22914572
0.0000417489,0.10251256
0.0000418174,-0.19296482
0.000041886,-0.21708542
0.0000419545,-0.45829144
0.0000420230,-0.45829144
0.0000420916,-0.4643216
0.0000421601,-0.38592964
0.0000422286,-0.21105528
0.0000422972,0.14472362
0.0000423657,0.25929648
0.0000424342,0.31356785
0.0000425027,0.44623116
0.0000425713,0.44623116
0.0000426398,0.3678392
0.0000427083,0.17487437
0.0000427769,-0.066331655
0.0000428454,-0.12663317
0.0000429139,-0.3437186
0.0000429825,-0.440201
0.000043051,-0.38592964
0.0000431195,-0.319598
0.0000431881,-0.09648241
0.0000432566,0.0060301507
0.0000433251,0.07839196
0.0000433936,0.09648241
0.0000434622,0.048241206
0.0000435307,0.0060301507
0.0000435992,-0.08442211
0.0000436678,-0.13869347
0.0000437363,-0.12060301
0.0000438048,0.0060301507
0.0000438734,0.12663317
0.0000439419,0.24723618
0.0000440104,0.3678392
0.000044079,0.38592964
0.0000441475,0.31356785
0.0000442160,0.10854271
0.0000442845,-0.036180906
0.0000443531,-0.26532662
0.0000444216,-0.43417084
0.0000444901,-0.45829144
0.0000445587,-0.4763819
0.0000446272,-0.41005024
0.0000446957,-0.22311558
0.0000447643,-0.12060301
0.0000448328,0.054271355
0.0000449013,0.32562813
0.0000449698,0.4040201
0.0000450384,0.4522613
0.0000451069,0.42211056
0.0000451754,0.3557789
0.000045244,0.14472362
0.0000453125,-0.18090452
0.0000453810,-0.22914572
0.0000454496,-0.4160804
0.0000455181,-0.47035176
0.0000455866,-0.45829144
0.0000456552,-0.3798995
0.0000457237,-0.20502512
0.0000457922,0.08442211
0.0000458607,0.15075377
0.0000459293,0.38592964
0.0000459978,0.44623116
0.0000460663,0.4522613
0.0000461349,0.4160804
0.0000462034,0.2713568
0.0000462719,0.060301505
0.0000463405,-0.17487437
0.000046409,-0.4040201
0.0000464775,-0.43417084
0.0000465461,-0.4643216
0.0000466146,-0.4522613
0.0000466831,-0.32562813
0.0000467516,-0.14472362
0.0000468202,0.18090452
0.0000468887,0.24723618
0.0000469572,0.3919598
0.0000470258,0.3678392
0.0000470943,0.30150753
0.0000471628,0.16281407
0.0000472314,-0.018090453
0.0000472999,-0.10854271
0.0000473684,-0.11457286
0.000047437,-0.10251256
0.0000475055,-0.036180906
0.0000475740,0.07236181
0.0000476425,0.10251256
0.0000477111,0.12060301
0.0000477796,0.060301505
0.0000478481,-0.054271355
0.0000479167,-0.19899498
0.0000479852,-0.3919598
0.0000480537,-0.4160804
0.0000481223,-0.36180905
0.0000481908,-0.25326633
0.0000482593,0.
0.0000483279,0.09045226
0.0000483964,0.2713568
0.0000484649,0.440201
0.0000485334,0.4522613
0.000048602,0.41005024
0.0000486705,0.27738693
0.0000487390,0.15075377
0.0000488076,0.012060301
0.0000488761,-0.2954774
0.0000489446,-0.3557789
0.0000490132,-0.4160804
0.0000490817,-0.3678392
0.0000491502,-0.25326633
0.0000492188,-0.018090453
0.0000492873,0.054271355
0.0000493558,0.09648241
0.0000494243,0.07839196
0.0000494929,0.048241206
0.0000495614,0.
0.0000496299,-0.10251256
0.0000496985,-0.14472362
0.000049767,-0.066331655
0.0000498355,0.07839196
0.0000499041,0.18693466
0.0000499726,0.3437186
0.0000500411,0.3798995
0.0000501097,0.38592964
0.0000501782,0.30753767
0.0000502467,0.054271355
0.0000503152,-0.09045226
0.0000503838,-0.28944725
0.0000504523,-0.4522613
0.0000505208,-0.4763819
0.0000505894,-0.4643216
0.0000506579,-0.28341708
0.0000507264,-0.21105528
0.000050795,-0.018090453
0.0000508635,0.22914572
0.0000509320,0.34974873
0.0000510006,0.44623116
0.0000510691,0.440201
0.0000511376,0.37386933
0.0000512061,0.19899498
0.0000512747,-0.060301505
0.0000513432,-0.21105528
0.0000514117,-0.25326633
0.0000514803,-0.44623116
0.0000515488,-0.47035176
0.0000516173,-0.45829144
0.0000516859,-0.25929648
0.0000517544,-0.066331655
0.0000518229,0.10251256
0.0000518915,0.21105528
0.00005196,0.37386933
0.0000520285,0.44623116
0.0000520970,0.44623116
0.0000521656,0.36180905
0.0000522341,0.18090452
0.0000523026,-0.10854271
0.0000523712,-0.20502512
0.0000524397,-0.3678392
0.0000525082,-0.47035176
0.0000525768,-0.47035176
0.0000526453,-0.4160804
0.0000527138,-0.24723618
0.0000527824,-0.018090453
0.0000528509,0.12060301
0.0000529194,0.319598
0.0000529879,0.41005024
0.0000530565,0.34974873
0.0000531250,0.26532662
0.0000531935,0.030150753
0.0000532621,-0.030150753
0.0000533306,-0.10854271
0.0000533991,-0.12663317
0.0000534677,-0.09648241
0.0000535362,0.018090453
0.0000536047,0.08442211
0.0000536732,0.12060301
0.0000537418,0.12060301
0.0000538103,0.024120603
0.0000538788,-0.15678392
0.0000539474,-0.3557789
0.0000540159,-0.39798996
0.0000540844,-0.42211056
0.000054153,-0.33165827
0.0000542215,-0.12060301
0.0000542900,-0.09648241
0.0000543586,0.23517588
0.0000544271,0.3437186
0.0000544956,0.44623116
0.0000545641,0.4522613
0.0000546327,0.3919598
0.0000547012,0.21708542
0.0000547697,0.07839196
0.0000548383,-0.13266331
0.0000549068,-0.28944725
0.0000549753,-0.42211056
0.0000550439,-0.3678392
0.0000551124,-0.32562813
0.0000551809,-0.11457286
0.0000552495,0.036180906
0.000055318,0.09045226
0.0000553865,0.09648241
0.0000554550,0.066331655
0.0000555236,0.042211056
0.0000555921,-0.066331655
0.0000556606,-0.12663317
0.0000557292,-0.13869347
0.0000557977,-0.09648241
0.0000558662,0.066331655
0.0000559348,0.32562813
0.0000560033,0.3557789
0.0000560718,0.38592964
0.0000561404,0.36180905
0.0000562089,0.19899498
0.0000562774,0.066331655
0.0000563459,-0.11457286
0.0000564145,-0.2713568
0.0000564830,-0.4763819
0.0000565515,-0.4763819
0.0000566201,-0.39798996
0.0000566886,-0.21708542
0.0000567571,-0.12060301
0.0000568257,0.060301505
0.0000568942,0.25929648
0.0000569627,0.39798996
0.0000570313,0.4040201
0.0000570998,0.28944725
0.0000571683,0.23517588
0.0000572368,0.048241206
0.0000573054,-0.066331655
0.0000573739,-0.12663317
0.0000574424,-0.12060301
0.000057511,-0.07839196
0.0000575795,0.07839196
0.0000576480,0.09045226
0.0000577166,0.12060301
0.0000577851,0.012060301
0.0000578536,-0.15075377
0.0000579222,-0.20502512
0.0000579907,-0.3798995
0.0000580592,-0.4040201
0.0000581277,-0.4040201
0.0000581963,-0.17487437
0.0000582648,-0.12663317
0.0000583333,0.18090452
0.0000584019,0.26532662
0.0000584704,0.440201
0.0000585389,0.44623116
0.0000586075,0.42211056
0.000058676,0.33768845
0.0000587445,0.16281407
0.0000588131,-0.10854271
0.0000588816,-0.22311558
0.0000589501,-0.43417084
0.0000590186,-0.4643216
0.0000590872,-0.47035176
0.0000591557,-0.3437186
0.0000592242,-0.2713568
0.0000592928,-0.11457286
0.0000593613,0.18090452
0.0000594298,0.2954774
0.0000594984,0.43417084
0.0000595669,0.42211056
0.0000596354,0.3557789
0.000059704,0.18693466
0.0000597725,0.10251256
0.0000598410,-0.18090452
0.0000599095,-0.2954774
0.0000599781,-0.4643216
0.0000600466,-0.4763819
0.0000601151,-0.4160804
0.0000601837,-0.3437186
0.0000602522,-0.13266331
0.0000603207,-0.0060301507
0.0000603893,0.26532662
0.0000604578,0.38592964
0.0000605263,0.44623116
0.0000605949,0.440201
0.0000606634,0.319598
0.0000607319,0.13869347
0.0000608004,0.0060301507
0.000060869,-0.20502512
0.0000609375,-0.30753767
0.0000610060,-0.440201
0.0000610746,-0.3919598
0.0000611431,-0.16281407
0.0000612116,-0.018090453
0.0000612802,0.012060301
0.0000613487,0.08442211
0.0000614172,0.07236181
0.0000614857,0.042211056
0.0000615543,-0.08442211
0.0000616228,-0.13266331
0.0000616913,-0.14472362
0.0000617599,-0.13266331
0.0000618284,0.0060301507
0.0000618969,0.16281407
0.0000619655,0.30150753
0.000062034,0.3798995
0.0000621025,0.37386933
0.0000621711,0.28944725
0.0000622396,0.13869347
0.0000623081,-0.060301505
0.0000623766,-0.23517588
0.0000624452,-0.4281407
0.0000625137,-0.4763819
0.0000625822,-0.48241204
0.0000626508,-0.3678392
0.0000627193,-0.24120602
0.0000627878,-0.13869347
0.0000628564,0.19899498
0.0000629249,0.25326633
0.0000629934,0.4040201
0.000063062,0.3798995
0.0000631305,0.22311558
0.0000631990,0.08442211
0.0000632675,-0.030150753
0.0000633361,-0.09648241
0.0000634046,-0.12060301
0.0000634731,-0.09648241
0.0000635417,-0.042211056
0.0000636102,0.036180906
0.0000636787,0.12060301
0.0000637473,0.10251256
0.0000638158,-0.024120603
0.0000638843,-0.15075377
0.0000639529,-0.319598
0.0000640214,-0.4040201
0.0000640899,-0.4160804
0.0000641584,-0.3557789
0.000064227,-0.13869347
0.0000642955,0.07236181
0.0000643640,0.19899498
0.0000644326,0.3437186
0.0000645011,0.44623116
0.0000645696,0.44623116
0.0000646382,0.42211056
0.0000647067,0.18090452
0.0000647752,0.024120603
0.0000648438,-0.07839196
0.0000649123,-0.41005024
0.0000649808,-0.47035176
0.0000650493,-0.47035176
0.0000651179,-0.4281407
0.0000651864,-0.27738693
0.0000652549,-0.09648241
0.0000653235,0.13869347
0.000065392,0.27738693
0.0000654605,0.4281407
0.0000655291,0.43417084
0.0000655976,0.4281407
0.0000656661,0.33768845
0.0000657347,0.16281407
0.0000658032,-0.13869347
0.0000658717,-0.25929648
0.0000659402,-0.36180905
0.0000660088,-0.4643216
0.0000660773,-0.4522613
0.0000661458,-0.38592964
0.0000662144,-0.28341708
0.0000662829,-0.13266331
0.0000663514,0.12060301
0.00006642,0.2713568
0.0000664885,0.43417084
0.0000665570,0.440201
0.0000666256,0.38592964
0.0000666941,0.30753767
0.0000667626,0.012060301
0.0000668311,-0.19899498
0.0000668997,-0.2713568
0.0000669682,-0.47035176
0.0000670367,-0.47035176
0.0000671053,-0.440201
0.0000671738,-0.30753767
0.0000672423,-0.16884422
0.0000673109,0.10251256
0.0000673794,0.15075377
0.0000674479,0.4281407
0.0000675165,0.440201
0.000067585,0.41005024
0.0000676535,0.30753767
0.0000677220,0.25326633
0.0000677906,0.030150753
0.0000678591,-0.13869347
0.0000679276,-0.41005024
0.0000679962,-0.4643216
0.0000680647,-0.45829144
0.0000681332,-0.42211056
0.0000682018,-0.25326633
0.0000682703,-0.13266331
0.0000683388,0.054271355
0.0000684074,0.25929648
0.0000684759,0.41005024
0.0000685444,0.44623116
0.0000686129,0.4281407
0.0000686815,0.22914572
0.0000687500,0.17487437
0.0000688185,-0.10854271
0.0000688871,-0.21105528
0.0000689556,-0.33768845
0.0000690241,-0.4763819
0.0000690927,-0.4763819
0.0000691612,-0.319598
0.0000692297,-0.26532662
0.0000692983,-0.08442211
0.0000693668,0.15678392
0.0000694353,0.36180905
0.0000695038,0.44623116
0.0000695724,0.4281407
0.0000696409,0.39798996
0.0000697094,0.24723618
0.000069778,0.030150753
0.0000698465,-0.10854271
0.0000699150,-0.39798996
0.0000699836,-0.43417084
0.0000700521,-0.4643216
0.0000701206,-0.39798996
0.0000701891,-0.3798995
0.0000702577,-0.10251256
0.0000703262,0.16884422
0.0000703947,0.23517588
0.0000704633,0.43417084
0.0000705318,0.44623116
0.0000706003,0.4040201
0.0000706689,0.3798995
0.0000707374,0.13869347
0.0000708059,-0.10251256
0.0000708745,-0.22311558
0.000070943,-0.3557789
0.0000710115,-0.4763819
0.0000710800,-0.45829144
0.0000711486,-0.440201
0.0000712171,-0.28944725
0.0000712856,-0.09648241
0.0000713542,0.10854271
0.0000714227,0.24723618
0.0000714912,0.41005024
0.0000715598,0.44623116
0.0000716283,0.3798995
0.0000716968,0.23517588
0.0000717654,0.15075377
0.0000718339,-0.12060301
0.0000719024,-0.3437186
0.0000719709,-0.4160804
0.0000720395,-0.45829144
0.0000721080,-0.47035176
0.0000721765,-0.37386933
0.0000722451,-0.10854271
0.0000723136,-0.07839196
0.0000723821,0.23517588
0.0000724507,0.3798995
0.0000725192,0.440201
0.0000725877,0.41005024
0.0000726563,0.38592964
0.0000727248,0.26532662
0.0000727933,-0.036180906
0.0000728618,-0.23517588
0.0000729304,-0.2713568
0.0000729989,-0.47035176
0.0000730674,-0.47035176
0.000073136,-0.4522613
0.0000732045,-0.25326633
0.0000732730,-0.060301505
0.0000733416,0.09045226
0.0000734101,0.32562813
0.0000734786,0.4281407
0.0000735472,0.43417084
0.0000736157,0.3919598
0.0000736842,0.31356785
0.0000737527,0.12060301
0.0000738213,-0.0060301507
0.0000738898,-0.24723618
0.0000739583,-0.4522613
0.0000740269,-0.4763819
0.0000740954,-0.4643216
0.0000741639,-0.4160804
0.0000742325,-0.12663317
0.000074301,-0.07236181
0.0000743695,0.14472362
0.0000744381,0.2954774
0.0000745066,0.440201
0.0000745751,0.43417084
0.0000746436,0.319598
0.0000747122,0.30753767
0.0000747807,-0.030150753
0.0000748492,-0.17487437
0.0000749178,-0.38592964
0.0000749863,-0.39798996
0.0000750548,-0.4160804
0.0000751234,-0.28944725
0.0000751919,-0.19296482
0.0000752604,-0.030150753
0.000075329,0.07236181
0.0000753975,0.09648241
0.0000754660,0.07839196
0.0000755345,-0.036180906
0.0000756031,-0.066331655
0.0000756716,-0.13869347
0.0000757401,-0.13869347
0.0000758087,-0.11457286
0.0000758772,0.15075377
0.0000759457,0.28944725
0.0000760143,0.37386933
0.0000760828,0.38592964
0.0000761513,0.33165827
0.0000762199,0.13869347
0.0000762884,0.07839196
0.0000763569,-0.16281407
0.0000764254,-0.27738693
0.000076494,-0.48241204
0.0000765625,-0.4884422
0.0000766310,-0.4643216
0.0000766996,-0.3437186
0.0000767681,-0.036180906
0.0000768366,-0.012060301
0.0000769052,0.19899498
0.0000769737,0.4040201
0.0000770422,0.37386933
0.0000771108,0.31356785
0.0000771793,0.16884422
0.0000772478,0.0060301507
0.0000773163,-0.09045226
0.0000773849,-0.13266331
0.0000774534,-0.10251256
0.0000775219,-0.07839196
0.0000775905,0.07839196
0.000077659,0.08442211
0.0000777275,0.12060301
0.0000777961,0.030150753
0.0000778646,-0.13869347
0.0000779331,-0.32562813
0.0000780016,-0.39798996
0.0000780702,-0.4160804
0.0000781387,-0.3678392
0.0000782072,-0.22914572
0.0000782758,-0.07839196
0.0000783443,0.18693466
0.0000784128,0.34974873
0.0000784814,0.4281407
0.0000785499,0.44623116
0.0000786184,0.42211056
0.000078687,0.31356785
0.0000787555,0.066331655
0.0000788240,-0.09648241
0.0000788925,-0.24120602
0.0000789611,-0.37386933
0.0000790296,-0.4763819
0.0000790981,-0.48241204
0.0000791667,-0.42211056
0.0000792352,-0.16884422
0.0000793037,-0.12060301
0.0000793723,0.18693466
0.0000794408,0.38592964
0.0000795093,0.43417084
0.0000795779,0.44623116
0.0000796464,0.3919598
0.0000797149,0.18090452
0.0000797834,0.10251256
0.000079852,-0.07236181
0.0000799205,-0.319598
0.0000799890,-0.42211056
0.0000800576,-0.47035176
0.0000801261,-0.44623116
0.0000801946,-0.3557789
0.0000802632,-0.14472362
0.0000803317,0.018090453
0.0000804002,0.22311558
0.0000804688,0.37386933
0.0000805373,0.4281407
0.0000806058,0.42211056
0.0000806743,0.319598
0.0000807429,0.12060301
0.0000808114,-0.042211056
0.0000808799,-0.25326633
0.0000809485,-0.41005024
0.0000810170,-0.4763819
0.0000810855,-0.45829144
0.0000811541,-0.4040201
0.0000812226,-0.24723618
0.0000812911,-0.15678392
0.0000813597,0.18693466
0.0000814282,0.22914572
0.0000814967,0.43417084
0.0000815652,0.43417084
0.0000816338,0.41005024
0.0000817023,0.24723618
0.0000817708,0.012060301
0.0000818394,-0.036180906
0.0000819079,-0.33768845
0.0000819764,-0.45829144
0.000082045,-0.48241204
0.0000821135,-0.42211056
0.0000821820,-0.30753767
0.0000822506,-0.18090452
0.0000823191,0.12060301
0.0000823876,0.21708542
0.0000824561,0.3919598
0.0000825247,0.43417084
0.0000825932,0.43417084
0.0000826617,0.31356785
0.0000827303,0.13266331
0.0000827988,-0.0060301507
0.0000828673,-0.24120602
0.0000829359,-0.2954774
0.0000830044,-0.4763819
0.0000830729,-0.4763819
0.0000831415,-0.45829144
0.00008321,-0.20502512
0.0000832785,-0.15678392
0.0000833470,0.18090452
0.0000834156,0.32562813
0.0000834841,0.43417084
0.0000835526,0.44623116
0.0000836212,0.38592964
0.0000836897,0.25929648
0.0000837582,0.066331655
0.0000838268,0.024120603
0.0000838953,-0.32562813
0.0000839638,-0.44623116
0.0000840324,-0.4643216
0.0000841009,-0.4763819
0.0000841694,-0.39798996
0.0000842379,-0.18090452
0.0000843065,0.018090453
0.0000843750,0.15075377
0.0000844435,0.37386933
0.0000845121,0.440201
0.0000845806,0.440201
0.0000846491,0.41005024
0.0000847177,0.28341708
0.0000847862,-0.054271355
0.0000848547,-0.16281407
0.0000849233,-0.26532662
0.0000849918,-0.4763819
0.0000850603,-0.4763819
0.0000851288,-0.44623116
0.0000851974,-0.25326633
0.0000852659,-0.14472362
0.0000853344,0.11457286
0.000085403,0.2954774
0.0000854715,0.39798996
0.0000855400,0.440201
0.0000856086,0.4281407
0.0000856771,0.32562813
0.0000857456,0.11457286
0.0000858142,0.07236181
0.0000858827,-0.28341708
0.0000859512,-0.2954774
0.0000860197,-0.45829144
0.0000860883,-0.4763819
0.0000861568,-0.3678392
0.0000862253,-0.19899498
0.0000862939,-0.08442211
0.0000863624,0.20502512
0.0000864309,0.22914572
0.0000864995,0.42211056
0.000086568,0.44623116
0.0000866365,0.4040201
0.0000867050,0.19899498
0.0000867736,0.11457286
0.0000868421,-0.20502512
0.0000869106,-0.27738693
0.0000869792,-0.4643216
0.0000870477,-0.48241204
0.0000871162,-0.4522613
0.0000871848,-0.3678392
0.0000872533,-0.21105528
0.0000873218,0.024120603
0.0000873904,0.22914572
0.0000874589,0.3798995
0.0000875274,0.440201
0.0000875959,0.42211056
0.0000876645,0.3437186
0.0000877330,0.19899498
0.0000878015,-0.066331655
0.0000878701,-0.18090452
0.0000879386,-0.41005024
0.0000880071,-0.4643216
0.0000880757,-0.47035176
0.0000881442,-0.44623116
0.0000882127,-0.26532662
0.0000882813,-0.018090453
0.0000883498,0.054271355
0.0000884183,0.23517588
0.0000884868,0.41005024
0.0000885554,0.43417084
0.0000886239,0.39798996
0.0000886924,0.21708542
0.000088761,0.16281407
0.0000888295,0.012060301
0.0000888980,-0.25929648
0.0000889666,-0.4643216
0.0000890351,-0.4763819
0.0000891036,-0.4884422
0.0000891722,-0.30753767
0.0000892407,-0.21105528
0.0000893092,-0.048241206
0.0000893777,0.16884422
0.0000894463,0.30150753
0.0000895148,0.43417084
0.0000895833,0.43417084
0.0000896519,0.34974873
0.0000897204,0.25326633
0.0000897889,0.12060301
0.0000898575,-0.15075377
0.000089926,-0.2713568
0.0000899945,-0.440201
0.0000900631,-0.47035176
0.0000901316,-0.44623116
0.0000902001,-0.30150753
0.0000902686,-0.11457286
0.0000903372,0.060301505
0.0000904057,0.28341708
0.0000904742,0.32562813
0.0000905428,0.4281407
0.0000906113,0.41005024
0.0000906798,0.3557789
0.0000907484,0.15678392
0.0000908169,-0.066331655
0.0000908854,-0.28944725
0.000090954,-0.42211056
0.0000910225,-0.47035176
0.0000910910,-0.4884422
0.0000911595,-0.36180905
0.0000912281,-0.26532662
0.0000912966,-0.10251256
0.0000913651,0.20502512
0.0000914337,0.22914572
0.0000915022,0.43417084
0.0000915707,0.43417084
0.0000916393,0.37386933
0.0000917078,0.21708542
0.0000917763,0.012060301
0.0000918449,-0.10251256
0.0000919134,-0.30150753
0.0000919819,-0.44623116
0.0000920504,-0.4763819
0.000092119,-0.440201
0.0000921875,-0.33165827
0.0000922560,-0.18090452
0.0000923246,0.11457286
0.0000923931,0.24120602
0.0000924616,0.36180905
0.0000925302,0.43417084
0.0000925987,0.4160804
0.0000926672,0.34974873
0.0000927358,0.12663317
0.0000928043,0.07236181
0.0000928728,-0.2713568
0.0000929413,-0.4281407
0.0000930099,-0.48241204
0.0000930784,-0.48241204
0.0000931469,-0.41005024
0.0000932155,-0.21708542
0.000093284,-0.09045226
0.0000933525,0.17487437
0.0000934211,0.28341708
0.0000934896,0.4040201
0.0000935581,0.44623116
0.0000936267,0.4160804
0.0000936952,0.31356785
0.0000937637,0.12060301
0.0000938322,-0.13266331
0.0000939008,-0.30150753
0.0000939693,-0.4643216
0.0000940378,-0.47035176
0.0000941064,-0.4522613
0.0000941749,-0.4160804
0.0000942434,-0.13266331
0.000094312,-0.09648241
0.0000943805,0.13266331
0.0000944490,0.31356785
0.0000945175,0.43417084
0.0000945861,0.4522613
0.0000946546,0.37386933
0.0000947231,0.21708542
0.0000947917,-0.08442211
0.0000948602,-0.21708542
0.0000949287,-0.37386933
0.0000949973,-0.4763819
0.0000950658,-0.48241204
0.0000951343,-0.42211056
0.0000952029,-0.26532662
0.0000952714,-0.21708542
0.0000953399,0.13266331
0.0000954084,0.21708542
0.000095477,0.39798996
0.0000955455,0.44623116
0.0000956140,0.440201
0.0000956826,0.26532662
0.0000957511,0.10854271
0.0000958196,-0.09045226
0.0000958882,-0.21708542
0.0000959567,-0.4522613
0.0000960252,-0.4763819
0.0000960938,-0.48241204
0.0000961623,-0.43417084
0.0000962308,-0.28944725
0.0000962993,-0.024120603
0.0000963679,0.14472362
0.0000964364,0.24723618
0.0000965049,0.4281407
0.0000965735,0.440201
0.0000966420,0.37386933
0.0000967105,0.16884422
0.0000967791,0.12060301
0.0000968476,-0.13869347
0.0000969161,-0.24723618
0.0000969847,-0.4763819
0.0000970532,-0.4763819
0.0000971217,-0.48241204
0.0000971902,-0.319598
0.0000972588,-0.24723618
0.0000973273,0.060301505
0.0000973958,0.22311558
0.0000974644,0.41005024
0.0000975329,0.440201
0.0000976014,0.440201
0.00009767,0.33768845
0.0000977385,0.13266331
0.0000978070,0.0060301507
0.0000978756,-0.12663317
0.0000979441,-0.4160804
0.0000980126,-0.47035176
0.0000980811,-0.48241204
0.0000981497,-0.3919598
0.0000982182,-0.2713568
0.0000982867,-0.14472362
0.0000983553,0.18693466
0.0000984238,0.23517588
0.0000984923,0.39798996
0.0000985609,0.440201
0.0000986294,0.3798995
0.0000986979,0.2713568
0.0000987665,0.15075377
0.000098835,-0.054271355
0.0000989035,-0.23517588
0.0000989720,-0.45829144
0.0000990406,-0.48241204
0.0000991091,-0.4884422
0.0000991776,-0.440201
0.0000992462,-0.13869347
0.0000993147,-0.036180906
0.0000993832,0.15678392
0.0000994518,0.28944725
0.0000995203,0.4281407
0.0000995888,0.44623116
0.0000996574,0.41005024
0.0000997259,0.13869347
0.0000997944,0.024120603
0.0000998629,-0.16281407
0.0000999315,-0.2713568
0.0001000000,-0.4763819
0.0001000685,-0.4763819
0.0001001371,-0.42211056
0.0001002056,-0.36180905
0.0001002741,-0.13869347
0.0001003427,0.10251256
0.0001004112,0.19899498
0.0001004797,0.38592964
0.0001005483,0.43417084
0.0001006168,0.43417084
0.0001006853,0.31356785
0.0001007538,0.10854271
0.0001008224,0.060301505
0.0001008909,-0.19899498
0.0001009594,-0.4522613
0.000101028,-0.47035176
0.0001010965,-0.4643216
0.0001011650,-0.3678392
0.0001012336,-0.26532662
0.0001013021,-0.13266331
0.0001013706,0.09045226
0.0001014392,0.27738693
0.0001015077,0.43417084
0.0001015762,0.44623116
0.0001016447,0.4160804
0.0001017133,0.23517588
0.0001017818,0.12663317
0.0001018503,-0.048241206
0.0001019189,-0.32562813
0.0001019874,-0.45829144
0.0001020559,-0.48241204
0.0001021245,-0.4522613
0.000102193,-0.33768845
0.0001022615,-0.16281407
0.0001023300,-0.066331655
0.0001023986,0.20502512
0.0001024671,0.37386933
0.0001025356,0.43417084
0.0001026042,0.4281407
0.0001026727,0.33165827
0.0001027412,0.18693466
0.0001028098,0.09648241
0.0001028783,-0.19899498
0.0001029468,-0.3919598
0.0001030154,-0.440201
0.0001030839,-0.4160804
0.0001031524,-0.26532662
0.0001032209,-0.060301505
0.0001032895,0.042211056
0.0001033580,0.09045226
0.0001034265,0.066331655
0.0001034951,0.042211056
0.0001035636,-0.060301505
0.0001036321,-0.13266331
0.0001037007,-0.15075377
0.0001037692,-0.13266331
0.0001038377,0.024120603
0.0001039063,0.08442211
0.0001039748,0.25929648
0.0001040433,0.37386933
0.0001041118,0.37386933
0.0001041804,0.28944725
0.0001042489,0.08442211
0.0001043174,0.030150753
0.000104386,-0.2713568
0.0001044545,-0.42211056
0.0001045230,-0.4884422
0.0001045916,-0.4884422
0.0001046601,-0.440201
0.0001047286,-0.24120602
0.0001047972,-0.018090453
0.0001048657,0.19296482
0.0001049342,0.26532662
0.0001050027,0.4040201
0.0001050713,0.33768845
0.0001051398,0.24723618
0.0001052083,0.17487437
0.0001052769,-0.07236181
0.0001053454,-0.12663317
0.0001054139,-0.13266331
0.0001054825,-0.07236181
0.000105551,-0.07236181
0.0001056195,0.018090453
0.0001056881,0.11457286
0.0001057566,0.10854271
0.0001058251,-0.048241206
0.0001058936,-0.09648241
0.0001059622,-0.33165827
0.0001060307,-0.4040201
0.0001060992,-0.4281407
0.0001061678,-0.31356785
0.0001062363,-0.14472362
0.0001063048,-0.07236181
0.0001063734,0.22914572
0.0001064419,0.34974873
0.0001065104,0.440201
0.000106579,0.44623116
0.0001066475,0.39798996
0.0001067160,0.28341708
0.0001067845,0.11457286
0.0001068531,-0.21708542
0.0001069216,-0.26532662
0.0001069901,-0.440201
0.0001070587,-0.42211056
0.0001071272,-0.33165827
0.0001071957,-0.24120602
0.0001072643,0.030150753
0.0001073328,0.07839196
0.0001074013,0.09045226
0.0001074699,0.07236181
0.0001075384,0.036180906
0.0001076069,-0.048241206
0.0001076754,-0.14472362
0.000107744,-0.15678392
0.0001078125,-0.012060301
0.0001078810,0.12663317
0.0001079496,0.27738693
0.0001080181,0.3678392
0.0001080866,0.37386933
0.0001081552,0.37386933
0.0001082237,0.18090452
0.0001082922,0.066331655
0.0001083608,-0.09045226
0.0001084293,-0.28944725
0.0001084978,-0.47035176
0.0001085663,-0.4884422
0.0001086349,-0.4281407
0.0001087034,-0.36180905
0.0001087719,-0.13869347
0.0001088405,0.11457286
0.000108909,0.18090452
0.0001089775,0.43417084
0.0001090461,0.440201
0.0001091146,0.43417084
0.0001091831,0.38592964
0.0001092517,0.12060301
0.0001093202,0.030150753
0.0001093887,-0.24723618
0.0001094572,-0.4040201
0.0001095258,-0.47035176
0.0001095943,-0.4522613
0.0001096628,-0.4160804
0.0001097314,-0.21105528
0.0001097999,-0.12060301
0.0001098684,0.13266331
0.000109937,0.25326633
0.0001100055,0.440201
0.0001100740,0.44623116
0.0001101426,0.42211056
0.0001102111,0.19296482
0.0001102796,0.10854271
0.0001103481,-0.21105528
0.0001104167,-0.24120602
0.0001104852,-0.4643216
0.0001105537,-0.48241204
0.0001106223,-0.4763819
0.0001106908,-0.4160804
0.0001107593,-0.22914572
0.0001108279,0.11457286
0.0001108964,0.22914572
0.0001109649,0.4040201
0.0001110334,0.440201
0.000111102,0.42211056
0.0001111705,0.3678392
0.0001112390,0.24723618
0.0001113076,-0.066331655
0.0001113761,-0.24120602
0.0001114446,-0.4040201
0.0001115132,-0.4763819
0.0001115817,-0.4884422
0.0001116502,-0.43417084
0.0001117188,-0.27738693
0.0001117873,-0.18693466
0.0001118558,0.11457286
0.0001119243,0.31356785
0.0001119929,0.3919598
0.0001120614,0.440201
0.0001121299,0.43417084
0.0001121985,0.32562813
0.0001122670,0.066331655
0.0001123355,-0.15075377
0.0001124041,-0.26532662
0.0001124726,-0.34974873
0.0001125411,-0.4763819
0.0001126097,-0.48241204
0.0001126782,-0.43417084
0.0001127467,-0.22311558
0.0001128152,0.060301505
0.0001128838,0.12663317
0.0001129523,0.2713568
0.0001130208,0.42211056
0.0001130894,0.440201
0.0001131579,0.3919598
0.0001132264,0.25929648
0.000113295,0.13869347
0.0001133635,-0.22914572
0.0001134320,-0.30150753
0.0001135006,-0.45829144
0.0001135691,-0.4763819
0.0001136376,-0.4643216
0.0001137061,-0.2954774
0.0001137747,-0.16281407
0.0001138432,0.07839196
0.0001139117,0.28341708
0.0001139803,0.37386933
0.0001140488,0.440201
0.0001141173,0.42211056
0.0001141859,0.33768845
0.0001142544,0.13869347
0.0001143229,-0.12663317
0.0001143915,-0.21105528
0.00011446,-0.4522613
0.0001145285,-0.4763819
0.0001145970,-0.4884422
0.0001146656,-0.38592964
0.0001147341,-0.27738693
0.0001148026,0.
0.0001148712,0.16884422
0.0001149397,0.25929648
0.0001150082,0.3798995
0.0001150768,0.3919598
0.0001151453,0.28341708
0.0001152138,0.0060301507
0.0001152824,-0.07839196
0.0001153509,-0.09648241
0.0001154194,-0.13266331
0.0001154879,-0.07839196
0.0001155565,-0.066331655
0.0001156250,0.030150753
0.0001156935,0.10854271
0.0001157621,0.10854271
0.0001158306,0.
0.0001158991,-0.15678392
0.0001159677,-0.26532662
0.0001160362,-0.39798996
0.0001161047,-0.4281407
0.0001161733,-0.3798995
0.0001162418,-0.26532662
0.0001163103,-0.10854271
0.0001163788,0.21708542
0.0001164474,0.25929648
0.0001165159,0.44623116
0.0001165844,0.43417084
0.000116653,0.4040201
0.0001167215,0.23517588
0.0001167900,0.13266331
0.0001168586,-0.12663317
0.0001169271,-0.28944725
0.0001169956,-0.4040201
0.0001170642,-0.42211056
0.0001171327,-0.31356785
0.0001172012,-0.09045226
0.0001172697,0.0060301507
0.0001173383,0.036180906
0.0001174068,0.08442211
0.0001174753,0.054271355
0.0001175439,-0.024120603
0.0001176124,-0.048241206
0.0001176809,-0.13266331
0.0001177495,-0.14472362
0.000117818,-0.018090453
0.0001178865,0.048241206
0.0001179551,0.2713568
0.0001180236,0.36180905
0.0001180921,0.38592964
0.0001181606,0.32562813
0.0001182292,0.16281407
0.0001182977,0.048241206
0.0001183662,-0.12663317
0.0001184348,-0.2954774
0.0001185033,-0.4884422
0.0001185718,-0.4884422
0.0001186404,-0.4763819
0.0001187089,-0.2713568
0.0001187774,-0.11457286
0.0001188459,0.14472362
0.0001189145,0.20502512
0.0001189830,0.3557789
0.0001190515,0.36180905
0.0001191201,0.30753767
0.0001191886,0.08442211
0.0001192571,-0.018090453
0.0001193257,-0.11457286
0.0001193942,-0.12060301
0.0001194627,-0.09648241
0.0001195313,-0.054271355
0.0001195998,0.054271355
0.0001196683,0.07236181
0.0001197368,0.10854271
0.0001198054,0.018090453
0.0001198739,-0.10854271
0.0001199424,-0.22311558
0.000120011,-0.37386933
0.0001200795,-0.4281407
0.0001201480,-0.42211056
0.0001202166,-0.28341708
0.0001202851,-0.16281407
0.0001203536,0.17487437
0.0001204222,0.19296482
0.0001204907,0.42211056
0.0001205592,0.44623116
0.0001206277,0.4160804
0.0001206963,0.21708542
0.0001207648,0.09648241
0.0001208333,-0.12060301
0.0001209019,-0.26532662
0.0001209704,-0.37386933
0.0001210389,-0.44623116
0.0001211075,-0.3557789
0.000121176,-0.18090452
0.0001212445,-0.024120603
0.0001213131,0.060301505
0.0001213816,0.07839196
0.0001214501,0.09045226
0.0001215186,0.042211056
0.0001215872,-0.042211056
0.0001216557,-0.13869347
0.0001217242,-0.15678392
0.0001217928,-0.14472362
0.0001218613,0.054271355
0.0001219298,0.13266331
0.0001219984,0.36180905
0.0001220669,0.37386933
0.0001221354,0.34974873
0.000122204,0.32562813
0.0001222725,0.14472362
0.0001223410,-0.17487437
0.0001224095,-0.28944725
0.0001224781,-0.4281407
0.0001225466,-0.49447235
0.0001226151,-0.49447235
0.0001226837,-0.3557789
0.0001227522,-0.19899498
0.0001228207,0.036180906
0.0001228893,0.16281407
0.0001229578,0.23517588
0.0001230263,0.43417084
0.0001230949,0.440201
0.0001231634,0.37386933
0.0001232319,0.25326633
0.0001233004,0.08442211
0.000123369,-0.17487437
0.0001234375,-0.319598
0.0001235060,-0.44623116
0.0001235746,-0.4763819
0.0001236431,-0.47035176
0.0001237116,-0.24120602
0.0001237802,-0.16884422
0.0001238487,-0.048241206
0.0001239172,0.23517588
0.0001239858,0.36180905
0.0001240543,0.43417084
0.0001241228,0.43417084
0.0001241913,0.30150753
0.0001242599,0.19296482
0.0001243284,0.024120603
0.0001243969,-0.27738693
0.0001244655,-0.42211056
0.000124534,-0.48241204
0.0001246025,-0.48241204
0.0001246711,-0.3798995
0.0001247396,-0.26532662
0.0001248081,0.012060301
0.0001248767,0.11457286
0.0001249452,0.3437186
0.0001250137,0.37386933
0.0001250822,0.3557789
0.0001251508,0.26532662
0.0001252193,0.11457286
0.0001252878,-0.042211056
0.0001253564,-0.09648241
0.0001254249,-0.13266331
0.0001254934,-0.10251256
0.000125562,-0.066331655
0.0001256305,0.07839196
0.0001256990,0.10854271
0.0001257676,0.10854271
0.0001258361,0.060301505
0.0001259046,-0.18090452
0.0001259731,-0.3557789
0.0001260417,-0.4040201
0.0001261102,-0.42211056
0.0001261787,-0.4040201
0.0001262473,-0.24120602
0.0001263158,-0.09045226
0.0001263843,0.22914572
0.0001264529,0.3798995
0.0001265214,0.44623116
0.0001265899,0.44623116
0.0001266585,0.3678392
0.000126727,0.30150753
0.0001267955,0.09648241
0.0001268640,-0.22914572
0.0001269326,-0.3557789
0.0001270011,-0.4763819
0.0001270696,-0.4884422
0.0001271382,-0.4522613
0.0001272067,-0.33768845
0.0001272752,-0.16281407
0.0001273438,0.13869347
0.0001274123,0.21708542
0.0001274808,0.38592964
0.0001275493,0.440201
0.0001276179,0.44623116
0.0001276864,0.2713568
0.0001277549,0.18090452
0.0001278235,0.0060301507
0.0001278920,-0.27738693
0.0001279605,-0.3919598
0.0001280291,-0.4763819
0.0001280976,-0.48241204
0.0001281661,-0.4281407
0.0001282347,-0.3557789
0.0001283032,-0.13266331
0.0001283717,0.19899498
0.0001284402,0.25929648
0.0001285088,0.43417084
0.0001285773,0.440201
0.0001286458,0.3678392
0.0001287144,0.19899498
0.0001287829,0.15075377
0.0001288514,-0.12060301
0.00012892,-0.26532662
0.0001289885,-0.37386933
0.0001290570,-0.44623116
0.0001291256,-0.3919598
0.0001291941,-0.18090452
0.0001292626,-0.030150753
0.0001293311,0.042211056
0.0001293997,0.07839196
0.0001294682,0.08442211
0.0001295367,0.066331655
0.0001296053,0.048241206
0.0001296738,0.036180906
0.0001297423,0.0060301507
0.0001298109,0.
0.0001298794,0.
0.0001299479,-0.012060301
0.0001300165,-0.0060301507
0.000130085,-0.012060301
0.0001301535,-0.012060301
0.0001302220,-0.018090453
0.0001302906,-0.024120603
0.0001303591,-0.030150753
0.0001304276,-0.024120603
0.0001304962,-0.024120603
0.0001305647,-0.024120603
0.0001306332,-0.030150753
0.0001307018,-0.030150753
0.0001307703,-0.030150753
0.0001308388,-0.030150753
0.0001309074,-0.030150753
0.0001309759,-0.024120603
0.0001310444,-0.024120603
0.0001311129,-0.024120603
0.0001311815,-0.024120603
0.0001312500,-0.018090453
0.0001313185,-0.036180906
0.0001313871,-0.018090453
0.0001314556,-0.018090453
0.0001315241,-0.024120603
0.0001315927,-0.018090453
0.0001316612,-0.018090453
0.0001317297,-0.012060301
0.0001317983,-0.024120603
0.0001318668,-0.018090453
0.0001319353,-0.012060301
0.0001320038,-0.018090453
0.0001320724,-0.018090453
0.0001321409,-0.018090453
0.0001322094,-0.018090453
0.000132278,-0.024120603
0.0001323465,-0.018090453
0.0001324150,-0.030150753
0.0001324836,-0.030150753
0.0001325521,-0.024120603
0.0001326206,-0.018090453
0.0001326892,-0.024120603
0.0001327577,-0.024120603
0.0001328262,-0.024120603
0.0001328947,-0.030150753
0.0001329633,-0.024120603
0.0001330318,-0.024120603
0.0001331003,-0.030150753
0.0001331689,-0.018090453
0.0001332374,-0.018090453
0.0001333059,-0.018090453
0.0001333745,-0.024120603
0.000133443,-0.018090453
0.0001335115,-0.018090453
0.0001335801,-0.018090453
0.0001336486,-0.012060301
0.0001337171,-0.018090453
0.0001337856,-0.024120603
0.0001338542,-0.024120603
0.0001339227,-0.018090453
0.0001339912,-0.018090453
0.0001340598,-0.024120603
0.0001341283,-0.024120603
0.0001341968,-0.024120603
0.0001342654,-0.024120603
0.0001343339,-0.030150753
0.0001344024,-0.024120603
0.000134471,-0.024120603
0.0001345395,-0.018090453
0.0001346080,-0.018090453
0.0001346765,-0.024120603
0.0001347451,-0.024120603
0.0001348136,-0.030150753
0.0001348821,-0.024120603
0.0001349507,-0.024120603
0.0001350192,-0.024120603
0.0001350877,-0.018090453
0.0001351563,-0.018090453
0.0001352248,-0.018090453
0.0001352933,-0.018090453
0.0001353618,-0.024120603
0.0001354304,-0.018090453
0.0001354989,-0.018090453
0.0001355674,-0.018090453
0.000135636,-0.012060301
0.0001357045,-0.024120603
0.0001357730,-0.018090453
0.0001358416,-0.018090453
0.0001359101,-0.018090453
0.0001359786,-0.018090453
0.0001360472,-0.018090453
0.0001361157,-0.018090453
0.0001361842,-0.024120603
0.0001362527,-0.030150753
0.0001363213,-0.024120603
0.0001363898,-0.024120603
0.0001364583,-0.024120603
0.0001365269,-0.018090453
0.0001365954,-0.024120603
0.0001366639,-0.024120603
0.0001367325,-0.018090453
0.000136801,-0.024120603
0.0001368695,-0.018090453
0.0001369381,-0.024120603
0.0001370066,-0.024120603
0.0001370751,-0.018090453
0.0001371436,-0.018090453
0.0001372122,-0.018090453
0.0001372807,-0.018090453
0.0001373492,-0.018090453
0.0001374178,-0.018090453
0.0001374863,-0.018090453
0.0001375548,-0.018090453
0.0001376234,-0.018090453
0.0001376919,-0.018090453
0.0001377604,-0.018090453
0.000137829,-0.024120603
0.0001378975,-0.018090453
0.0001379660,-0.024120603
0.0001380345,-0.018090453
0.0001381031,-0.030150753
0.0001381716,-0.030150753
0.0001382401,-0.030150753
0.0001383087,-0.024120603
0.0001383772,-0.024120603
0.0001384457,-0.024120603
0.0001385143,-0.024120603
0.0001385828,-0.024120603
0.0001386513,-0.030150753
0.0001387199,-0.024120603
0.0001387884,-0.030150753
0.0001388569,-0.024120603
0.0001389254,-0.018090453
0.000138994,-0.024120603
0.0001390625,-0.024120603
0.0001391310,-0.024120603
0.0001391996,-0.018090453
0.0001392681,-0.024120603
0.0001393366,-0.018090453
0.0001394052,-0.018090453
0.0001394737,-0.018090453
0.0001395422,-0.018090453
0.0001396108,-0.012060301
0.0001396793,-0.012060301
0.0001397478,-0.018090453
0.0001398163,-0.018090453
0.0001398849,-0.018090453
0.0001399534,-0.018090453
0.0001400219,-0.018090453
0.0001400905,-0.018090453
0.000140159,-0.030150753
0.0001402275,-0.024120603
0.0001402961,-0.030150753
0.0001403646,-0.018090453
0.0001404331,-0.024120603
0.0001405017,-0.030150753
0.0001405702,-0.024120603
0.0001406387,-0.024120603
0.0001407072,-0.024120603
0.0001407758,-0.024120603
0.0001408443,-0.018090453
0.0001409128,-0.024120603
0.0001409814,-0.012060301
0.0001410499,-0.018090453
0.0001411184,-0.024120603
0.000141187,-0.024120603
0.0001412555,-0.018090453
0.0001413240,-0.018090453
0.0001413926,-0.0060301507
0.0001414611,-0.018090453
0.0001415296,-0.012060301
0.0001415981,-0.018090453
0.0001416667,-0.012060301
0.0001417352,-0.012060301
0.0001418037,-0.018090453
0.0001418723,-0.018090453
0.0001419408,-0.030150753
0.0001420093,-0.030150753
0.0001420779,-0.024120603
0.0001421464,-0.024120603
0.0001422149,-0.024120603
0.0001422835,-0.030150753
0.000142352,-0.024120603
0.0001424205,-0.024120603
0.0001424890,-0.024120603
0.0001425576,-0.024120603
0.0001426261,-0.024120603
0.0001426946,-0.024120603
0.0001427632,-0.024120603
0.0001428317,-0.024120603
0.0001429002,-0.024120603
0.0001429688,-0.018090453
0.0001430373,-0.018090453
0.0001431058,-0.018090453
0.0001431744,-0.018090453
0.0001432429,-0.018090453
0.0001433114,-0.012060301
0.0001433799,-0.018090453
0.0001434485,-0.018090453
0.0001435170,-0.012060301
0.0001435855,-0.018090453
0.0001436541,-0.012060301
0.0001437226,-0.012060301
0.0001437911,-0.012060301
0.0001438597,-0.018090453
0.0001439282,-0.018090453
0.0001439967,-0.018090453
0.0001440652,-0.018090453
0.0001441338,-0.024120603
0.0001442023,-0.024120603
0.0001442708,-0.030150753
0.0001443394,-0.024120603
0.0001444079,-0.024120603
0.0001444764,-0.024120603
0.000144545,-0.024120603
0.0001446135,-0.024120603
0.0001446820,-0.024120603
0.0001447506,-0.024120603
0.0001448191,-0.024120603
0.0001448876,-0.024120603
0.0001449561,-0.024120603
0.0001450247,-0.018090453
0.0001450932,-0.018090453
0.0001451617,-0.018090453
0.0001452303,-0.018090453
0.0001452988,-0.018090453
0.0001453673,-0.018090453
0.0001454359,-0.018090453
0.0001455044,-0.012060301
0.0001455729,-0.018090453
0.0001456415,-0.018090453
0.00014571,-0.018090453
0.0001457785,-0.024120603
0.0001458470,-0.018090453
0.0001459156,-0.024120603
0.0001459841,-0.018090453
0.0001460526,-0.024120603
0.0001461212,-0.024120603
0.0001461897,-0.018090453
0.0001462582,-0.030150753
0.0001463268,-0.024120603
0.0001463953,-0.030150753
0.0001464638,-0.024120603
0.0001465324,-0.030150753
0.0001466009,-0.030150753
0.0001466694,-0.024120603
0.0001467379,-0.024120603
0.0001468065,-0.024120603
0.0001468750,-0.024120603
0.0001469435,-0.012060301
0.0001470121,-0.018090453
0.0001470806,-0.018090453
0.0001471491,-0.012060301
0.0001472177,-0.012060301
0.0001472862,-0.018090453
0.0001473547,-0.018090453
0.0001474233,-0.012060301
0.0001474918,-0.018090453
0.0001475603,-0.018090453
0.0001476288,-0.018090453
0.0001476974,-0.018090453
0.0001477659,-0.024120603
0.0001478344,-0.024120603
0.000147903,-0.024120603
0.0001479715,-0.024120603
0.0001480400,-0.024120603
0.0001481086,-0.018090453
0.0001481771,-0.024120603
0.0001482456,-0.024120603
0.0001483142,-0.030150753
0.0001483827,-0.024120603
0.0001484512,-0.018090453
0.0001485197,-0.018090453
0.0001485883,-0.030150753
0.0001486568,-0.018090453
0.0001487253,-0.024120603
0.0001487939,-0.018090453
0.0001488624,-0.012060301
0.0001489309,-0.018090453
0.0001489995,-0.018090453
0.000149068,-0.024120603
0.0001491365,-0.012060301
0.0001492051,-0.018090453
0.0001492736,-0.018090453
0.0001493421,-0.024120603
0.0001494106,-0.018090453
0.0001494792,-0.018090453
0.0001495477,-0.018090453
0.0001496162,-0.0060301507
0.0001496848,-0.012060301
0.0001497533,-0.012060301
0.0001498218,-0.018090453
0.0001498904,-0.036180906
0.0001499589,-0.042211056
0.0001500274,-0.060301505
0.000150096,-0.15678392
0.0001501645,-0.20502512
0.0001502330,-0.18090452
0.0001503015,0.0060301507
0.0001503701,0.15678392
0.0001504386,0.26532662
0.0001505071,0.36180905
0.0001505757,0.36180905
0.0001506442,0.2954774
0.0001507127,0.12060301
0.0001507813,0.0060301507
0.0001508498,-0.30150753
0.0001509183,-0.42211056
0.0001509869,-0.50653267
0.0001510554,-0.49447235
0.0001511239,-0.440201
0.0001511924,-0.19899498
0.000151261,-0.09045226
0.0001513295,0.15075377
0.0001513980,0.2954774
0.0001514666,0.440201
0.0001515351,0.4643216
0.0001516036,0.44623116
0.0001516722,0.31356785
0.0001517407,0.17487437
0.0001518092,-0.054271355
0.0001518777,-0.2713568
0.0001519463,-0.4160804
0.0001520148,-0.49447235
0.0001520833,-0.47035176
0.0001521519,-0.440201
0.0001522204,-0.17487437
0.0001522889,0.060301505
0.0001523575,0.25326633
0.000152426,0.4281407
0.0001524945,0.440201
0.0001525631,0.45829144
0.0001526316,0.3437186
0.0001527001,0.16281407
0.0001527686,-0.09648241
0.0001528372,-0.20502512
0.0001529057,-0.33768845
0.0001529742,-0.4884422
0.0001530428,-0.4884422
0.0001531113,-0.4763819
0.0001531798,-0.22914572
0.0001532484,-0.18090452
0.0001533169,0.10251256
0.0001533854,0.24723618
0.000153454,0.440201
0.0001535225,0.47035176
0.0001535910,0.4160804
0.0001536595,0.25326633
0.0001537281,0.08442211
0.0001537966,-0.066331655
0.0001538651,-0.28944725
0.0001539337,-0.4763819
0.0001540022,-0.5005025
0.0001540707,-0.45829144
0.0001541393,-0.33768845
0.0001542078,-0.25929648
0.0001542763,0.048241206
0.0001543449,0.16281407
0.0001544134,0.4040201
0.0001544819,0.44623116
0.0001545504,0.4522613
0.000154619,0.4160804
0.0001546875,0.15075377
0.0001547560,0.018090453
0.0001548246,-0.22914572
0.0001548931,-0.39798996
0.0001549616,-0.5005025
0.0001550302,-0.49447235
0.0001550987,-0.4763819
0.0001551672,-0.3557789
0.0001552358,-0.12663317
0.0001553043,0.024120603
0.0001553728,0.22914572
0.0001554413,0.3678392
0.0001555099,0.4281407
0.0001555784,0.32562813
0.0001556469,0.18090452
0.0001557155,-0.018090453
0.000155784,-0.10251256
0.0001558525,-0.14472362
0.0001559211,-0.11457286
0.0001559896,-0.08442211
0.0001560581,-0.0060301507
0.0001561267,0.09045226
0.0001561952,0.12060301
0.0001562637,0.060301505
0.0001563322,-0.15075377
0.0001564008,-0.19899498
0.0001564693,-0.4040201
0.0001565378,-0.4522613
0.0001566064,-0.43417084
0.0001566749,-0.31356785
0.0001567434,-0.048241206
0.000156812,0.030150753
0.0001568805,0.22914572
0.0001569490,0.42211056
0.0001570176,0.4643216
0.0001570861,0.4281407
0.0001571546,0.36180905
0.0001572231,0.19296482
0.0001572917,0.07236181
0.0001573602,-0.28944725
0.0001574287,-0.4040201
0.0001574973,-0.47035176
0.0001575658,-0.49447235
0.0001576343,-0.4160804
0.0001577029,-0.27738693
0.0001577714,-0.07236181
0.0001578399,0.17487437
0.0001579085,0.39798996
0.000157977,0.4522613
0.0001580455,0.45829144
0.0001581140,0.41005024
0.0001581826,0.33165827
0.0001582511,0.13266331
0.0001583196,-0.14472362
0.0001583882,-0.3798995
0.0001584567,-0.4763819
0.0001585252,-0.50653267
0.0001585938,-0.49447235
0.0001586623,-0.3678392
0.0001587308,-0.23517588
0.0001587994,0.11457286
0.0001588679,0.15075377
0.0001589364,0.3798995
0.0001590049,0.45829144
0.0001590735,0.440201
0.0001591420,0.2954774
0.0001592105,0.15678392
0.0001592791,0.07839196
0.0001593476,-0.27738693
0.0001594161,-0.4160804
0.0001594847,-0.45829144
0.0001595532,-0.4160804
0.0001596217,-0.28341708
0.0001596903,-0.18090452
0.0001597588,0.048241206
0.0001598273,0.10251256
0.0001598958,0.10251256
0.0001599644,0.054271355
0.0001600329,-0.042211056
0.0001601014,-0.13869347
0.00016017,-0.14472362
0.0001602385,-0.16281407
0.0001603070,0.012060301
0.0001603756,0.10251256
0.0001604441,0.34974873
0.0001605126,0.37386933
0.0001605811,0.3798995
0.0001606497,0.3557789
0.0001607182,0.12663317
0.0001607867,0.042211056
0.0001608553,-0.27738693
0.0001609238,-0.32562813
0.0001609923,-0.5005025
0.0001610609,-0.5005025
0.0001611294,-0.44623116
0.0001611979,-0.30753767
0.0001612665,-0.15075377
0.000161335,0.10854271
0.0001614035,0.23517588
0.0001614720,0.440201
0.0001615406,0.4643216
0.0001616091,0.3798995
0.0001616776,0.33768845
0.0001617462,0.11457286
0.0001618147,-0.13266331
0.0001618832,-0.24723618
0.0001619518,-0.48241204
0.0001620203,-0.49447235
0.0001620888,-0.4884422
0.0001621574,-0.3919598
0.0001622259,-0.16884422
0.0001622944,0.
0.0001623629,0.19296482
0.0001624315,0.39798996
0.0001625000,0.44623116
0.0001625685,0.45829144
0.0001626371,0.32562813
0.0001627056,0.24723618
0.0001627741,0.036180906
0.0001628427,-0.15678392
0.0001629112,-0.3919598
0.0001629797,-0.4884422
0.0001630483,-0.48241204
0.0001631168,-0.48241204
0.0001631853,-0.36180905
0.0001632538,-0.030150753
0.0001633224,0.060301505
0.0001633909,0.25929648
0.0001634594,0.3919598
0.000163528,0.4160804
0.0001635965,0.25326633
0.0001636650,0.21708542
0.0001637336,-0.030150753
0.0001638021,-0.12060301
0.0001638706,-0.14472362
0.0001639392,-0.10251256
0.0001640077,-0.060301505
0.0001640762,0.024120603
0.0001641447,0.09045226
0.0001642133,0.11457286
0.0001642818,0.07236181
0.0001643503,-0.07839196
0.0001644189,-0.28341708
0.0001644874,-0.4281407
0.0001645559,-0.440201
0.0001646245,-0.34974873
0.000164693,-0.21105528
0.0001647615,-0.10251256
0.0001648301,0.20502512
0.0001648986,0.36180905
0.0001649671,0.4643216
0.0001650356,0.47035176
0.0001651042,0.44623116
0.0001651727,0.23517588
0.0001652412,0.09045226
0.0001653098,-0.20502512
0.0001653783,-0.34974873
0.0001654468,-0.48241204
0.0001655154,-0.4884422
0.0001655839,-0.44623116
0.0001656524,-0.32562813
0.000165721,-0.23517588
0.0001657895,-0.060301505
0.0001658580,0.25326633
0.0001659265,0.41005024
0.0001659951,0.45829144
0.0001660636,0.44623116
0.0001661321,0.37386933
0.0001662007,0.23517588
0.0001662692,0.036180906
0.0001663377,-0.10854271
0.0001664063,-0.41005024
0.0001664748,-0.48241204
0.0001665433,-0.5005025
0.0001666119,-0.42211056
0.0001666804,-0.4040201
0.0001667489,-0.19296482
0.0001668174,0.024120603
0.000166886,0.31356785
0.0001669545,0.43417084
0.0001670230,0.4522613
0.0001670916,0.44623116
0.0001671601,0.30753767
0.0001672286,0.15075377
0.0001672972,-0.066331655
0.0001673657,-0.28944725
0.0001674342,-0.43417084
0.0001675028,-0.4643216
0.0001675713,-0.4040201
0.0001676398,-0.19296482
0.0001677083,-0.08442211
0.0001677769,0.07839196
0.0001678454,0.09648241
0.0001679139,0.07236181
0.0001679825,0.060301505
0.000168051,-0.0060301507
0.0001681195,-0.13869347
0.0001681881,-0.15075377
0.0001682566,-0.15678392
0.0001683251,0.060301505
0.0001683936,0.13869347
0.0001684622,0.3557789
0.0001685307,0.3798995
0.0001685992,0.39798996
0.0001686678,0.23517588
0.0001687363,0.10251256
0.0001688048,-0.018090453
0.0001688734,-0.31356785
0.0001689419,-0.42211056
0.0001690104,-0.5005025
0.000169079,-0.5005025
0.0001691475,-0.44623116
0.0001692160,-0.18090452
0.0001692845,-0.048241206
0.0001693531,0.11457286
0.0001694216,0.28341708
0.0001694901,0.41005024
0.0001695587,0.37386933
0.0001696272,0.22311558
0.0001696957,0.07839196
0.0001697643,-0.10251256
0.0001698328,-0.10854271
0.0001699013,-0.14472362
0.0001699699,-0.08442211
0.0001700384,-0.0060301507
0.0001701069,0.09648241
0.0001701754,0.10251256
0.000170244,0.09648241
0.0001703125,-0.10854271
0.0001703810,-0.15075377
0.0001704496,-0.3678392
0.0001705181,-0.42211056
0.0001705866,-0.44623116
0.0001706552,-0.3919598
0.0001707237,-0.13869347
0.0001707922,0.09045226
0.0001708608,0.23517588
0.0001709293,0.4040201
0.0001709978,0.47035176
0.0001710663,0.43417084
0.0001711349,0.41005024
0.0001712034,0.20502512
0.0001712719,0.042211056
0.0001713405,-0.10251256
0.0001714090,-0.39798996
0.0001714775,-0.48241204
0.0001715461,-0.4884422
0.0001716146,-0.4522613
0.0001716831,-0.37386933
0.0001717517,-0.13869347
0.0001718202,0.07839196
0.0001718887,0.24120602
0.0001719572,0.43417084
0.0001720258,0.45829144
0.0001720943,0.440201
0.0001721628,0.319598
0.0001722314,0.13869347
0.0001722999,-0.08442211
0.0001723684,-0.25326633
0.000172437,-0.3678392
0.0001725055,-0.5005025
0.0001725740,-0.4884422
0.0001726426,-0.440201
0.0001727111,-0.16281407
0.0001727796,-0.14472362
0.0001728481,0.18090452
0.0001729167,0.24723618
0.0001729852,0.45829144
0.0001730537,0.4643216
0.0001731223,0.3798995
0.0001731908,0.22914572
0.0001732593,0.11457286
0.0001733279,-0.060301505
0.0001733964,-0.3919598
0.0001734649,-0.4281407
0.0001735335,-0.43417084
0.000173602,-0.33165827
0.0001736705,-0.20502512
0.0001737390,-0.07236181
0.0001738076,0.09648241
0.0001738761,0.10251256
0.0001739446,0.066331655
0.0001740132,0.024120603
0.0001740817,-0.12060301
0.0001741502,-0.15678392
0.0001742188,-0.15678392
0.0001742873,-0.12663317
0.0001743558,0.060301505
0.0001744244,0.15075377
0.0001744929,0.37386933
0.0001745614,0.3919598
0.0001746299,0.3557789
0.0001746985,0.13266331
0.0001747670,0.012060301
0.0001748355,-0.20502512
0.0001749041,-0.2954774
0.0001749726,-0.45829144
0.0001750411,-0.50653267
0.0001751097,-0.44623116
0.0001751782,-0.39798996
0.0001752467,-0.10251256
0.0001753153,0.07236181
0.0001753838,0.23517588
0.0001754523,0.34974873
0.0001755208,0.38592964
0.0001755894,0.26532662
0.0001756579,0.13266331
0.0001757264,0.036180906
0.000175795,-0.10251256
0.0001758635,-0.13266331
0.0001759320,-0.13266331
0.0001760006,-0.07839196
0.0001760691,0.060301505
0.0001761376,0.09045226
0.0001762061,0.11457286
0.0001762747,0.036180906
0.0001763432,-0.08442211
0.0001764117,-0.24120602
0.0001764803,-0.42211056
0.0001765488,-0.42211056
0.0001766173,-0.4040201
0.0001766859,-0.30150753
0.0001767544,-0.11457286
0.0001768229,0.16884422
0.0001768915,0.24723618
0.00017696,0.4281407
0.0001770285,0.4643216
0.0001770970,0.4643216
0.0001771656,0.3919598
0.0001772341,0.16281407
0.0001773026,-0.12060301
0.0001773712,-0.2954774
0.0001774397,-0.4643216
0.0001775082,-0.49447235
0.0001775768,-0.49447235
0.0001776453,-0.39798996
0.0001777138,-0.30753767
0.0001777824,0.
0.0001778509,0.22311558
0.0001779194,0.28944725
0.0001779879,0.4522613
0.0001780565,0.4522613
0.0001781250,0.41005024
0.0001781935,0.21708542
0.0001782621,0.15075377
0.0001783306,-0.08442211
0.0001783991,-0.30150753
0.0001784677,-0.44623116
0.0001785362,-0.5005025
0.0001786047,-0.49447235
0.0001786733,-0.25326633
0.0001787418,-0.15075377
0.0001788103,0.13266331
0.0001788788,0.25929648
0.0001789474,0.43417084
0.0001790159,0.44623116
0.0001790844,0.43417084
0.000179153,0.319598
0.0001792215,0.11457286
0.0001792900,0.030150753
0.0001793586,-0.17487437
0.0001794271,-0.41005024
0.0001794956,-0.4643216
0.0001795642,-0.440201
0.0001796327,-0.28944725
0.0001797012,-0.07236181
0.0001797697,0.036180906
0.0001798383,0.10251256
0.0001799068,0.10251256
0.0001799753,0.030150753
0.0001800439,0.
0.0001801124,-0.10854271
0.0001801809,-0.15075377
0.0001802495,-0.14472362
0.000180318,0.060301505
0.0001803865,0.12060301
0.0001804551,0.31356785
0.0001805236,0.3798995
0.0001805921,0.3798995
0.0001806606,0.21105528
0.0001807292,0.066331655
0.0001807977,-0.14472362
0.0001808662,-0.2954774
0.0001809348,-0.4522613
0.0001810033,-0.4884422
0.0001810718,-0.49447235
0.0001811404,-0.4522613
0.0001812089,-0.24120602
0.0001812774,-0.030150753
0.000181346,0.19899498
0.0001814145,0.41005024
0.0001814830,0.4281407
0.0001815515,0.4643216
0.0001816201,0.44623116
0.0001816886,0.19296482
0.0001817571,0.060301505
0.0001818257,-0.024120603
0.0001818942,-0.27738693
0.0001819627,-0.4040201
0.0001820313,-0.49447235
0.0001820998,-0.48241204
0.0001821683,-0.30753767
0.0001822369,-0.22914572
0.0001823054,0.054271355
0.0001823739,0.20502512
0.0001824424,0.34974873
0.000182511,0.440201
0.0001825795,0.45829144
0.0001826480,0.39798996
0.0001827166,0.12663317
0.0001827851,-0.024120603
0.0001828536,-0.16884422
0.0001829222,-0.31356785
0.0001829907,-0.49447235
0.0001830592,-0.49447235
0.0001831278,-0.44623116
0.0001831963,-0.34974873
0.0001832648,-0.12663317
0.0001833333,0.13266331
0.0001834019,0.2713568
0.0001834704,0.3798995
0.0001835389,0.38592964
0.0001836075,0.3437186
0.000183676,0.060301505
0.0001837445,-0.018090453
0.0001838131,-0.09045226
0.0001838816,-0.13869347
0.0001839501,-0.10854271
0.0001840187,-0.07236181
0.0001840872,0.07839196
0.0001841557,0.10854271
0.0001842242,0.10854271
0.0001842928,0.09648241
0.0001843613,-0.13266331
0.0001844298,-0.3557789
0.0001844984,-0.4040201
0.0001845669,-0.4281407
0.0001846354,-0.4160804
0.000184704,-0.16884422
0.0001847725,-0.13266331
0.0001848410,0.13869347
0.0001849095,0.26532662
0.0001849781,0.440201
0.0001850466,0.4643216
0.0001851151,0.43417084
0.0001851837,0.21708542
0.0001852522,0.048241206
0.0001853207,0.
0.0001853893,-0.24723618
0.0001854578,-0.4522613
0.0001855263,-0.49447235
0.0001855949,-0.48241204
0.0001856634,-0.28341708
0.0001857319,-0.25929648
0.0001858004,-0.11457286
0.000185869,0.17487437
0.0001859375,0.4281407
0.0001860060,0.4522613
0.0001860746,0.4522613
0.0001861431,0.3437186
0.0001862116,0.22311558
0.0001862802,0.09648241
0.0001863487,-0.13266331
0.0001864172,-0.3798995
0.0001864858,-0.49447235
0.0001865543,-0.4884422
0.0001866228,-0.43417084
0.0001866913,-0.4040201
0.0001867599,-0.14472362
0.0001868284,0.09045226
0.0001868969,0.28944725
0.0001869655,0.4281407
0.0001870340,0.4643216
0.0001871025,0.43417084
0.0001871711,0.36180905
0.0001872396,0.18693466
0.0001873081,-0.0060301507
0.0001873767,-0.30150753
0.0001874452,-0.45829144
0.0001875137,-0.49447235
0.0001875822,-0.49447235
0.0001876508,-0.4522613
0.0001877193,-0.19899498
0.0001877878,-0.10251256
0.0001878564,0.18090452
0.0001879249,0.33768845
0.0001879934,0.4281407
0.000188062,0.4643216
0.0001881305,0.39798996
0.0001881990,0.28944725
0.0001882676,0.09045226
0.0001883361,-0.18090452
0.0001884046,-0.2954774
0.0001884731,-0.48241204
0.0001885417,-0.5005025
0.0001886102,-0.4643216
0.0001886787,-0.42211056
0.0001887473,-0.12663317
0.0001888158,0.12663317
0.0001888843,0.22311558
0.0001889529,0.30753767
0.0001890214,0.45829144
0.0001890899,0.45829144
0.0001891585,0.4040201
0.000189227,0.16884422
0.0001892955,0.08442211
0.0001893640,-0.22311558
0.0001894326,-0.3437186
0.0001895011,-0.47035176
0.0001895696,-0.4884422
0.0001896382,-0.44623116
0.0001897067,-0.24723618
0.0001897752,-0.15678392
0.0001898438,0.12663317
0.0001899123,0.24723618
0.0001899808,0.4281407
0.0001900494,0.4522613
0.0001901179,0.4160804
0.0001901864,0.27738693
0.0001902549,0.15075377
0.0001903235,-0.12060301
0.0001903920,-0.24120602
0.0001904605,-0.44623116
0.0001905291,-0.5005025
0.0001905976,-0.48241204
0.0001906661,-0.30150753
0.0001907347,-0.15678392
0.0001908032,0.018090453
0.0001908717,0.13266331
0.0001909403,0.41005024
0.0001910088,0.45829144
0.0001910773,0.4643216
0.0001911458,0.41005024
0.0001912144,0.26532662
0.0001912829,0.07839196
0.0001913514,-0.10854271
0.00019142,-0.3437186
0.0001914885,-0.48241204
0.0001915570,-0.48241204
0.0001916256,-0.4763819
0.0001916941,-0.26532662
0.0001917626,-0.09648241
0.0001918312,0.048241206
0.0001918997,0.2954774
0.0001919682,0.440201
0.0001920367,0.45829144
0.0001921053,0.41005024
0.0001921738,0.30753767
0.0001922423,0.10854271
0.0001923109,-0.036180906
0.0001923794,-0.28944725
0.0001924479,-0.45829144
0.0001925165,-0.5005025
0.000192585,-0.4884422
0.0001926535,-0.37386933
0.0001927220,-0.25929648
0.0001927906,-0.12663317
0.0001928591,0.19899498
0.0001929276,0.25929648
0.0001929962,0.44623116
0.0001930647,0.4643216
0.0001931332,0.42211056
0.0001932018,0.27738693
0.0001932703,0.09648241
0.0001933388,-0.22311558
0.0001934074,-0.37386933
0.0001934759,-0.4884422
0.0001935444,-0.5005025
0.0001936129,-0.44623116
0.0001936815,-0.28944725
0.0001937500,-0.17487437
0.0001938185,-0.060301505
0.0001938871,0.24120602
0.0001939556,0.4160804
0.0001940241,0.45829144
0.0001940927,0.4643216
0.0001941612,0.2954774
0.0001942297,0.18090452
0.0001942983,-0.08442211
0.0001943668,-0.28944725
0.0001944353,-0.43417084
0.0001945038,-0.5005025
0.0001945724,-0.5005025
0.0001946409,-0.440201
0.0001947094,-0.20502512
0.000194778,-0.054271355
0.0001948465,0.22914572
0.0001949150,0.25929648
0.0001949836,0.44623116
0.0001950521,0.45829144
0.0001951206,0.3919598
0.0001951892,0.26532662
0.0001952577,0.042211056
0.0001953262,-0.15678392
0.0001953947,-0.26532662
0.0001954633,-0.45829144
0.0001955318,-0.4884422
0.0001956003,-0.4763819
0.0001956689,-0.2954774
0.0001957374,-0.16281407
0.0001958059,0.10854271
0.0001958745,0.16281407
0.000195943,0.32562813
0.0001960115,0.4522613
0.0001960801,0.45829144
0.0001961486,0.33165827
0.0001962171,0.18693466
0.0001962856,0.08442211
0.0001963542,-0.18693466
0.0001964227,-0.31356785
0.0001964912,-0.49447235
0.0001965598,-0.49447235
0.0001966283,-0.440201
0.0001966968,-0.3437186
0.0001967654,-0.13266331
0.0001968339,0.15678392
0.0001969024,0.21708542
0.000196971,0.38592964
0.0001970395,0.4643216
0.0001971080,0.4281407
0.0001971765,0.33768845
0.0001972451,0.10854271
0.0001973136,-0.09045226
0.0001973821,-0.27738693
0.0001974507,-0.39798996
0.0001975192,-0.45829144
0.0001975877,-0.36180905
0.0001976563,-0.30753767
0.0001977248,-0.09045226
0.0001977933,0.08442211
0.0001978619,0.10251256
0.0001979304,0.07236181
0.0001979989,0.024120603
0.0001980674,-0.054271355
0.000198136,-0.13266331
0.0001982045,-0.15678392
0.0001982730,-0.14472362
0.0001983416,0.09648241
0.0001984101,0.17487437
0.0001984786,0.319598
0.0001985472,0.3798995
0.0001986157,0.38592964
0.0001986842,0.28944725
0.0001987528,0.12060301
0.0001988213,-0.22311558
0.0001988898,-0.2713568
0.0001989583,-0.440201
0.0001990269,-0.5005025
0.0001990954,-0.4884422
0.0001991639,-0.3678392
0.0001992325,-0.13869347
0.000199301,-0.12060301
0.0001993695,0.18090452
0.0001994381,0.36180905
0.0001995066,0.43417084
0.0001995751,0.38592964
0.0001996437,0.16281407
0.0001997122,0.08442211
0.0001997807,-0.07839196
0.0001998492,-0.11457286
0.0001999178,-0.13266331
0.0001999863,-0.12060301
0.0002000548,-0.09648241
0.0002001234,-0.07236181
0.0002001919,-0.054271355
0.0002002604,-0.042211056
0.000200329,-0.036180906
0.0002003975,-0.030150753
0.0002004660,-0.030150753
0.0002005346,-0.024120603
0.0002006031,-0.024120603
0.0002006716,-0.024120603
0.0002007401,-0.018090453
0.0002008087,-0.018090453
0.0002008772,-0.012060301
0.0002009457,-0.012060301
0.0002010143,-0.012060301
0.0002010828,-0.012060301
0.0002011513,-0.0060301507
0.0002012199,-0.0060301507
0.0002012884,-0.012060301
0.0002013569,0.
0.0002014254,-0.012060301
0.000201494,-0.012060301
0.0002015625,-0.018090453
0.0002016310,-0.012060301
0.0002016996,-0.012060301
0.0002017681,-0.018090453
0.0002018366,-0.018090453
0.0002019052,-0.018090453
0.0002019737,-0.018090453
0.0002020422,-0.018090453
0.0002021108,-0.018090453
0.0002021793,-0.018090453
0.0002022478,-0.018090453
0.0002023163,-0.018090453
0.0002023849,-0.024120603
0.0002024534,-0.018090453
0.0002025219,-0.024120603
0.0002025905,-0.018090453
0.0002026590,-0.018090453
0.0002027275,-0.012060301
0.0002027961,-0.018090453
0.0002028646,-0.0060301507
0.0002029331,-0.0060301507
0.0002030017,-0.0060301507
0.0002030702,-0.0060301507
0.0002031387,-0.018090453
0.0002032072,-0.012060301
0.0002032758,-0.018090453
0.0002033443,-0.012060301
0.0002034128,-0.012060301
0.0002034814,-0.012060301
0.0002035499,-0.012060301
0.0002036184,-0.018090453
0.000203687,-0.018090453
0.0002037555,-0.018090453
0.0002038240,-0.018090453
0.0002038926,-0.018090453
0.0002039611,-0.012060301
0.0002040296,-0.012060301
0.0002040981,-0.018090453
0.0002041667,-0.024120603
0.0002042352,-0.018090453
0.0002043037,-0.018090453
0.0002043723,-0.012060301
0.0002044408,-0.012060301
0.0002045093,-0.024120603
0.0002045779,-0.024120603
0.0002046464,-0.012060301
0.0002047149,-0.012060301
0.0002047835,-0.0060301507
0.000204852,-0.012060301
0.0002049205,-0.012060301
0.0002049890,-0.012060301
0.0002050576,-0.012060301
0.0002051261,-0.012060301
0.0002051946,-0.012060301
0.0002052632,-0.012060301
0.0002053317,-0.012060301
0.0002054002,-0.012060301
0.0002054688,-0.018090453
0.0002055373,-0.018090453
0.0002056058,-0.018090453
0.0002056744,-0.018090453
0.0002057429,-0.018090453
0.0002058114,-0.012060301
0.0002058799,-0.018090453
0.0002059485,-0.018090453
0.0002060170,-0.018090453
0.0002060855,-0.018090453
0.0002061541,-0.018090453
0.0002062226,-0.018090453
0.0002062911,-0.018090453
0.0002063597,-0.018090453
0.0002064282,-0.018090453
0.0002064967,-0.018090453
0.0002065653,-0.018090453
0.0002066338,-0.018090453
0.0002067023,-0.012060301
0.0002067708,-0.012060301
0.0002068394,-0.0060301507
0.0002069079,-0.0060301507
0.0002069764,-0.012060301
0.000207045,-0.0060301507
0.0002071135,-0.012060301
0.0002071820,-0.0060301507
0.0002072506,-0.012060301
0.0002073191,-0.012060301
0.0002073876,-0.012060301
0.0002074562,-0.018090453
0.0002075247,-0.012060301
0.0002075932,-0.018090453
0.0002076617,-0.012060301
0.0002077303,-0.018090453
0.0002077988,-0.018090453
0.0002078673,-0.012060301
0.0002079359,-0.018090453
0.0002080044,-0.024120603
0.0002080729,-0.018090453
0.0002081415,-0.018090453
0.00020821,-0.018090453
0.0002082785,-0.012060301
0.0002083471,-0.024120603
0.0002084156,-0.018090453
0.0002084841,-0.018090453
0.0002085526,-0.018090453
0.0002086212,-0.018090453
0.0002086897,-0.012060301
0.0002087582,-0.012060301
0.0002088268,0.
0.0002088953,-0.0060301507
0.0002089638,-0.0060301507
0.0002090324,-0.012060301
0.0002091009,-0.0060301507
0.0002091694,-0.012060301
0.0002092379,-0.012060301
0.0002093065,-0.0060301507
0.0002093750,-0.018090453
0.0002094435,-0.018090453
0.0002095121,-0.012060301
0.0002095806,-0.012060301
0.0002096491,-0.018090453
0.0002097177,-0.012060301
0.0002097862,-0.0060301507
0.0002098547,-0.012060301
0.0002099233,-0.018090453
0.0002099918,-0.018090453
0.0002100603,-0.018090453
0.0002101288,-0.018090453
0.0002101974,-0.012060301
0.0002102659,-0.0060301507
0.0002103344,-0.018090453
0.000210403,-0.018090453
0.0002104715,-0.012060301
0.0002105400,-0.012060301
0.0002106086,-0.018090453
0.0002106771,-0.012060301
0.0002107456,-0.012060301
0.0002108142,-0.012060301
0.0002108827,-0.012060301
0.0002109512,-0.012060301
0.0002110197,-0.012060301
0.0002110883,-0.0060301507
0.0002111568,-0.0060301507
0.0002112253,-0.012060301
0.0002112939,-0.0060301507
0.0002113624,-0.012060301
0.0002114309,-0.012060301
0.0002114995,-0.018090453
0.000211568,-0.018090453
0.0002116365,-0.012060301
0.0002117051,-0.018090453
0.0002117736,-0.012060301
0.0002118421,-0.018090453
0.0002119106,-0.018090453
0.0002119792,-0.018090453
0.0002120477,-0.018090453
0.0002121162,-0.018090453
0.0002121848,-0.018090453
0.0002122533,-0.018090453
0.0002123218,-0.018090453
0.0002123904,-0.012060301
0.0002124589,-0.018090453
0.0002125274,-0.018090453
0.000212596,-0.012060301
0.0002126645,-0.0060301507
0.0002127330,-0.012060301
0.0002128015,-0.0060301507
0.0002128701,-0.012060301
0.0002129386,-0.0060301507
0.0002130071,-0.012060301
0.0002130757,-0.0060301507
0.0002131442,-0.012060301
0.0002132127,-0.012060301
0.0002132813,-0.012060301
0.0002133498,-0.012060301
0.0002134183,-0.018090453
0.0002134869,-0.018090453
0.0002135554,-0.018090453
0.0002136239,-0.012060301
0.0002136924,-0.012060301
0.000213761,-0.018090453
0.0002138295,-0.018090453
0.0002138980,-0.018090453
0.0002139666,-0.012060301
0.0002140351,-0.012060301
0.0002141036,-0.018090453
0.0002141722,-0.018090453
0.0002142407,-0.012060301
0.0002143092,-0.012060301
0.0002143778,-0.018090453
0.0002144463,-0.0060301507
0.0002145148,-0.0060301507
0.0002145833,-0.012060301
0.0002146519,-0.0060301507
0.0002147204,-0.0060301507
0.0002147889,-0.0060301507
0.0002148575,-0.012060301
0.000214926,-0.012060301
0.0002149945,-0.0060301507
0.0002150631,-0.012060301
0.0002151316,-0.0060301507
0.0002152001,-0.0060301507
0.0002152687,-0.0060301507
0.0002153372,-0.012060301
0.0002154057,-0.0060301507
0.0002154742,-0.018090453
0.0002155428,-0.012060301
0.0002156113,-0.012060301
0.0002156798,-0.012060301
0.0002157484,-0.012060301
0.0002158169,-0.012060301
0.0002158854,-0.012060301
0.000215954,-0.012060301
0.0002160225,-0.018090453
0.0002160910,-0.018090453
0.0002161596,-0.012060301
0.0002162281,-0.012060301
0.0002162966,-0.012060301
0.0002163651,-0.012060301
0.0002164337,-0.0060301507
0.0002165022,-0.012060301
0.0002165707,-0.012060301
0.0002166393,-0.0060301507
0.0002167078,-0.0060301507
0.0002167763,-0.012060301
0.0002168449,-0.012060301
0.0002169134,-0.0060301507
0.0002169819,-0.0060301507
0.0002170505,-0.012060301
0.000217119,-0.0060301507
0.0002171875,-0.012060301
0.0002172560,-0.012060301
0.0002173246,-0.012060301
0.0002173931,-0.012060301
0.0002174616,-0.012060301
0.0002175302,-0.012060301
0.0002175987,-0.018090453
0.0002176672,-0.012060301
0.0002177358,-0.012060301
0.0002178043,-0.012060301
0.0002178728,-0.012060301
0.0002179413,-0.018090453
0.0002180099,-0.012060301
0.0002180784,-0.012060301
0.0002181469,-0.012060301
0.0002182155,-0.012060301
0.0002182840,-0.012060301
0.0002183525,-0.0060301507
0.0002184211,-0.012060301
0.0002184896,-0.0060301507
0.0002185581,-0.0060301507
0.0002186267,-0.012060301
0.0002186952,-0.0060301507
0.0002187637,-0.0060301507
0.0002188322,-0.0060301507
0.0002189008,-0.0060301507
0.0002189693,-0.0060301507
0.0002190378,-0.0060301507
0.0002191064,-0.0060301507
0.0002191749,-0.0060301507
0.0002192434,-0.0060301507
0.000219312,-0.0060301507
0.0002193805,-0.0060301507
0.0002194490,-0.018090453
0.0002195176,-0.018090453
0.0002195861,-0.012060301
0.0002196546,-0.012060301
0.0002197231,-0.012060301
0.0002197917,-0.018090453
0.0002198602,-0.018090453
0.0002199287,-0.012060301
0.0002199973,-0.012060301
0.0002200658,-0.012060301
0.0002201343,-0.012060301
0.0002202029,-0.012060301
0.0002202714,-0.012060301
0.0002203399,-0.0060301507
0.0002204085,-0.0060301507
0.000220477,-0.0060301507
0.0002205455,-0.0060301507
0.0002206140,-0.0060301507
0.0002206826,-0.0060301507
0.0002207511,-0.0060301507
0.0002208196,0.
0.0002208882,-0.012060301
0.0002209567,-0.018090453
0.0002210252,-0.018090453
0.0002210938,-0.0060301507
0.0002211623,-0.0060301507
0.0002212308,-0.0060301507
0.0002212994,-0.0060301507
0.0002213679,-0.012060301
0.0002214364,-0.0060301507
0.0002215049,-0.012060301
0.0002215735,-0.012060301
0.0002216420,-0.012060301
0.0002217105,-0.0060301507
0.0002217791,-0.018090453
0.0002218476,-0.018090453
0.0002219161,-0.012060301
0.0002219847,-0.012060301
0.0002220532,-0.012060301
0.0002221217,-0.012060301
0.0002221903,-0.012060301
0.0002222588,-0.012060301
0.0002223273,-0.0060301507
0.0002223958,-0.0060301507
0.0002224644,-0.012060301
0.0002225329,-0.012060301
0.0002226014,-0.0060301507
0.00022267,-0.0060301507
0.0002227385,-0.0060301507
0.0002228070,-0.012060301
0.0002228756,-0.012060301
0.0002229441,-0.0060301507
0.0002230126,-0.012060301
0.0002230812,-0.012060301
0.0002231497,-0.0060301507
0.0002232182,0.
0.0002232867,-0.012060301
0.0002233553,-0.0060301507
0.0002234238,-0.012060301
0.0002234923,-0.012060301
0.0002235609,-0.012060301
0.0002236294,-0.012060301
0.0002236979,-0.012060301
0.0002237665,-0.012060301
0.000223835,-0.018090453
0.0002239035,-0.012060301
0.0002239721,-0.012060301
0.0002240406,-0.018090453
0.0002241091,-0.0060301507
0.0002241776,-0.0060301507
0.0002242462,-0.012060301
0.0002243147,-0.0060301507
0.0002243832,-0.012060301
0.0002244518,-0.0060301507
0.0002245203,-0.0060301507
0.0002245888,-0.0060301507
0.0002246574,-0.0060301507
0.0002247259,-0.0060301507
0.0002247944,-0.0060301507
0.000224863,-0.0060301507
0.0002249315,-0.0060301507
0.0002250000,-0.0060301507
